20:52:00 | INFO     | ============================================================
20:52:00 | INFO     |  SHAP Visualisation Mode
20:52:00 | INFO     |  Device : cpu
20:52:00 | INFO     | ============================================================
20:52:00 | INFO     | [Data] Loading dataset...
20:52:00 | INFO     | Loaded preprocessed multi-omics data (.npy files).
20:52:00 | INFO     | Shapes — G:(626, 64), T:(626, 64), P:(626, 64)
20:52:00 | INFO     | Loaded | test=94 | classes=2
20:52:00 | INFO     | [Model] Loading trained model...
20:52:00 | INFO     | [Model] Model loaded successfully.
20:52:00 | INFO     | [Gates] Computing attention gates...
20:52:04 | INFO     | [SAVED] outputs\attention_gates.png
20:52:04 | INFO     | [DONE] attention_gates.png
20:52:04 | INFO     | [Perm] Computing permutation importance...
20:52:39 | INFO     |   Permutation importance [genomics]: 0.1635 ± 0.0268
20:53:10 | INFO     |   Permutation importance [transcriptomics]: 0.0563 ± 0.0064
20:53:40 | INFO     |   Permutation importance [proteomics]: 0.0266 ± 0.0119
20:53:40 | INFO     | [SAVED] outputs\permutation_importance.png
20:53:40 | INFO     | [DONE] permutation_importance.png
20:53:40 | INFO     | [SHAP] Computing SHAP values...
20:53:43 | INFO     | num_full_subsets = 0
20:53:43 | INFO     | remaining_weight_vector = array([0.1720551 , 0.08648033, 0.0579586 , 0.04370017, 0.03514709,
       0.02944671, 0.02537647, 0.02232508, 0.01995296, 0.01805633,
       0.01650554, 0.01521413, 0.01412227, 0.01318721, 0.0123776 ,
       0.01166993, 0.01104623, 0.0104925 , 0.00999773, 0.00955306,
       0.00915136, 0.00878677, 0.00845447, 0.00815043, 0.00787126,
       0.00761412, 0.00737655, 0.00715647, 0.00695209, 0.00676184,
       0.00658436, 0.00641846, 0.00626311, 0.00611737, 0.00598044,
       0.00585159, 0.00573017, 0.00561561, 0.00550738, 0.00540502,
       0.00530811, 0.00521627, 0.00512916, 0.00504646, 0.00496788,
       0.00489317, 0.00482209, 0.00475442, 0.00468996, 0.00462852,
       0.00456995, 0.00451408, 0.00446077, 0.00440989, 0.00436132,
       0.00431493, 0.00427063, 0.00422832, 0.00418791, 0.00414931,
       0.00411244, 0.00407724, 0.00404362, 0.00401154, 0.00398092,
       0.00395172, 0.00392388, 0.00389736, 0.0038721 , 0.00384807,
       0.00382523, 0.00380353, 0.00378295, 0.00376346, 0.00374502,
       0.0037276 , 0.00371118, 0.00369574, 0.00368125, 0.00366769,
       0.00365505, 0.0036433 , 0.00363242, 0.00362241, 0.00361325,
       0.00360493, 0.00359743, 0.00359075, 0.00358487, 0.0035798 ,
       0.00357551, 0.00357201, 0.0035693 , 0.00356736, 0.0035662 ,
       0.00356581])
20:53:43 | INFO     | num_paired_subset_sizes = 95
20:53:43 | INFO     | weight_left = np.float64(1.0)
20:54:23 | INFO     | np.sum(w_aug) = np.float64(192.0)
20:54:23 | INFO     | np.sum(self.kernelWeights) = np.float64(0.9999999999999999)
20:54:23 | INFO     | phi = array([ 0.        ,  0.        , -0.05868354,  0.        ,  0.        ,
        0.        ,  0.        ,  0.        ,  0.        ,  0.        ,
        0.        ,  0.        , -0.01543736,  0.        ,  0.        ,
        0.        ,  0.        ,  0.        ,  0.        ,  0.        ,
        0.        ,  0.        ,  0.        ,  0.        ,  0.        ,
        0.        ,  0.        ,  0.        ,  0.        ,  0.        ,
        0.        ,  0.        ,  0.        ,  0.        ,  0.        ,
        0.        ,  0.        ,  0.        ,  0.        ,  0.        ,
        0.        ,  0.        ,  0.        ,  0.        ,  0.        ,
        0.        ,  0.        ,  0.        ,  0.        ,  0.        ,
        0.        ,  0.        ,  0.        ,  0.        ,  0.        ,
        0.        ,  0.        ,  0.        ,  0.        ,  0.        ,
        0.        ,  0.        ,  0.        ,  0.        ,  0.        ,
        0.        ,  0.03321172,  0.        ,  0.        ,  0.        ,
       -0.03475475,  0.        ,  0.        ,  0.        ,  0.        ,
        0.        ,  0.        ,  0.        ,  0.        ,  0.        ,
        0.        ,  0.        ,  0.        ,  0.        ,  0.        ,
        0.        ,  0.        ,  0.        ,  0.        ,  0.        ,
        0.        ,  0.        ,  0.        ,  0.        ,  0.        ,
        0.        ,  0.        , -0.00621397,  0.        ,  0.        ,
        0.        ,  0.00109644,  0.        ,  0.        ,  0.        ,
        0.02507615,  0.        ,  0.        ,  0.        ,  0.        ,
        0.        ,  0.        ,  0.        ,  0.        ,  0.        ,
        0.        ,  0.        ,  0.        ,  0.        ,  0.        ,
        0.        ,  0.        ,  0.        ,  0.        ,  0.        ,
        0.        ,  0.        ,  0.        ,  0.        ,  0.        ,
        0.        ,  0.        ,  0.        ,  0.        ,  0.        ,
        0.        ,  0.        ,  0.        ,  0.        ,  0.        ,
        0.        ,  0.        ,  0.        ,  0.        ,  0.        ,
        0.        ,  0.        ,  0.        ,  0.        ,  0.        ,
        0.        ,  0.        ,  0.        ,  0.        ,  0.        ,
        0.        ,  0.        ,  0.        ,  0.        ,  0.        ,
        0.        ,  0.        ,  0.        ,  0.        ,  0.        ,
        0.        ,  0.        ,  0.        ,  0.        ,  0.        ,
       -0.02650086,  0.        ,  0.        ,  0.        ,  0.        ,
        0.        ,  0.        ,  0.        ,  0.        ,  0.        ,
        0.        ,  0.        ,  0.        ,  0.        ,  0.        ,
        0.        ,  0.        ,  0.        ,  0.00210783,  0.        ,
        0.        ,  0.        ])
20:54:23 | INFO     | np.sum(w_aug) = np.float64(192.0)
20:54:23 | INFO     | np.sum(self.kernelWeights) = np.float64(0.9999999999999999)
20:54:23 | INFO     | phi = array([ 0.        ,  0.        ,  0.05868354,  0.        ,  0.        ,
        0.        ,  0.        ,  0.        ,  0.        ,  0.        ,
        0.        ,  0.        ,  0.01543736,  0.        ,  0.        ,
        0.        ,  0.        ,  0.        ,  0.        ,  0.        ,
        0.        ,  0.        ,  0.        ,  0.        ,  0.        ,
        0.        ,  0.        ,  0.        ,  0.        ,  0.        ,
        0.        ,  0.        ,  0.        ,  0.        ,  0.        ,
        0.        ,  0.        ,  0.        ,  0.        ,  0.        ,
        0.        ,  0.        ,  0.        ,  0.        ,  0.        ,
        0.        ,  0.        ,  0.        ,  0.        ,  0.        ,
        0.        ,  0.        ,  0.        ,  0.        ,  0.        ,
        0.        ,  0.        ,  0.        ,  0.        ,  0.        ,
        0.        ,  0.        ,  0.        ,  0.        ,  0.        ,
        0.        , -0.03321172,  0.        ,  0.        ,  0.        ,
        0.03475476,  0.        ,  0.        ,  0.        ,  0.        ,
        0.        ,  0.        ,  0.        ,  0.        ,  0.        ,
        0.        ,  0.        ,  0.        ,  0.        ,  0.        ,
        0.        ,  0.        ,  0.        ,  0.        ,  0.        ,
        0.        ,  0.        ,  0.        ,  0.        ,  0.        ,
        0.        ,  0.        ,  0.00621396,  0.        ,  0.        ,
        0.        , -0.00109645,  0.        ,  0.        ,  0.        ,
       -0.02507615,  0.        ,  0.        ,  0.        ,  0.        ,
        0.        ,  0.        ,  0.        ,  0.        ,  0.        ,
        0.        ,  0.        ,  0.        ,  0.        ,  0.        ,
        0.        ,  0.        ,  0.        ,  0.        ,  0.        ,
        0.        ,  0.        ,  0.        ,  0.        ,  0.        ,
        0.        ,  0.        ,  0.        ,  0.        ,  0.        ,
        0.        ,  0.        ,  0.        ,  0.        ,  0.        ,
        0.        ,  0.        ,  0.        ,  0.        ,  0.        ,
        0.        ,  0.        ,  0.        ,  0.        ,  0.        ,
        0.        ,  0.        ,  0.        ,  0.        ,  0.        ,
        0.        ,  0.        ,  0.        ,  0.        ,  0.        ,
        0.        ,  0.        ,  0.        ,  0.        ,  0.        ,
        0.        ,  0.        ,  0.        ,  0.        ,  0.        ,
        0.02650085,  0.        ,  0.        ,  0.        ,  0.        ,
        0.        ,  0.        ,  0.        ,  0.        ,  0.        ,
        0.        ,  0.        ,  0.        ,  0.        ,  0.        ,
        0.        ,  0.        ,  0.        , -0.00210782,  0.        ,
        0.        ,  0.        ])
20:54:23 | INFO     | num_full_subsets = 0
20:54:23 | INFO     | remaining_weight_vector = array([0.1720551 , 0.08648033, 0.0579586 , 0.04370017, 0.03514709,
       0.02944671, 0.02537647, 0.02232508, 0.01995296, 0.01805633,
       0.01650554, 0.01521413, 0.01412227, 0.01318721, 0.0123776 ,
       0.01166993, 0.01104623, 0.0104925 , 0.00999773, 0.00955306,
       0.00915136, 0.00878677, 0.00845447, 0.00815043, 0.00787126,
       0.00761412, 0.00737655, 0.00715647, 0.00695209, 0.00676184,
       0.00658436, 0.00641846, 0.00626311, 0.00611737, 0.00598044,
       0.00585159, 0.00573017, 0.00561561, 0.00550738, 0.00540502,
       0.00530811, 0.00521627, 0.00512916, 0.00504646, 0.00496788,
       0.00489317, 0.00482209, 0.00475442, 0.00468996, 0.00462852,
       0.00456995, 0.00451408, 0.00446077, 0.00440989, 0.00436132,
       0.00431493, 0.00427063, 0.00422832, 0.00418791, 0.00414931,
       0.00411244, 0.00407724, 0.00404362, 0.00401154, 0.00398092,
       0.00395172, 0.00392388, 0.00389736, 0.0038721 , 0.00384807,
       0.00382523, 0.00380353, 0.00378295, 0.00376346, 0.00374502,
       0.0037276 , 0.00371118, 0.00369574, 0.00368125, 0.00366769,
       0.00365505, 0.0036433 , 0.00363242, 0.00362241, 0.00361325,
       0.00360493, 0.00359743, 0.00359075, 0.00358487, 0.0035798 ,
       0.00357551, 0.00357201, 0.0035693 , 0.00356736, 0.0035662 ,
       0.00356581])
20:54:23 | INFO     | num_paired_subset_sizes = 95
20:54:23 | INFO     | weight_left = np.float64(1.0)
20:55:03 | INFO     | np.sum(w_aug) = np.float64(192.0)
20:55:03 | INFO     | np.sum(self.kernelWeights) = np.float64(0.9999999999999999)
20:55:03 | INFO     | phi = array([0.        , 0.        , 0.02077563, 0.        , 0.08190527,
       0.00697149, 0.        , 0.        , 0.        , 0.01359643,
       0.        , 0.        , 0.        , 0.        , 0.        ,
       0.        , 0.        , 0.        , 0.        , 0.00509474,
       0.        , 0.        , 0.        , 0.        , 0.        ,
       0.        , 0.01230001, 0.        , 0.        , 0.        ,
       0.        , 0.        , 0.        , 0.        , 0.        ,
       0.        , 0.        , 0.        , 0.        , 0.        ,
       0.        , 0.        , 0.        , 0.        , 0.        ,
       0.        , 0.        , 0.        , 0.        , 0.        ,
       0.        , 0.        , 0.        , 0.        , 0.        ,
       0.        , 0.        , 0.        , 0.        , 0.        ,
       0.        , 0.        , 0.        , 0.        , 0.        ,
       0.        , 0.        , 0.        , 0.        , 0.        ,
       0.        , 0.        , 0.        , 0.        , 0.        ,
       0.        , 0.        , 0.        , 0.        , 0.        ,
       0.        , 0.        , 0.        , 0.        , 0.        ,
       0.        , 0.        , 0.        , 0.        , 0.        ,
       0.        , 0.        , 0.        , 0.        , 0.        ,
       0.        , 0.        , 0.        , 0.        , 0.        ,
       0.        , 0.        , 0.        , 0.        , 0.        ,
       0.        , 0.        , 0.        , 0.        , 0.        ,
       0.        , 0.        , 0.        , 0.        , 0.        ,
       0.01436298, 0.        , 0.        , 0.        , 0.        ,
       0.        , 0.        , 0.        , 0.        , 0.        ,
       0.        , 0.        , 0.        , 0.        , 0.        ,
       0.        , 0.        , 0.        , 0.00946274, 0.        ,
       0.        , 0.        , 0.        , 0.        , 0.        ,
       0.        , 0.        , 0.        , 0.        , 0.        ,
       0.        , 0.        , 0.00902672, 0.        , 0.        ,
       0.        , 0.        , 0.        , 0.        , 0.        ,
       0.        , 0.        , 0.        , 0.        , 0.        ,
       0.        , 0.        , 0.00920625, 0.        , 0.        ,
       0.        , 0.        , 0.        , 0.        , 0.        ,
       0.        , 0.        , 0.        , 0.        , 0.        ,
       0.        , 0.        , 0.        , 0.        , 0.        ,
       0.        , 0.        , 0.        , 0.        , 0.        ,
       0.        , 0.        , 0.        , 0.        , 0.        ,
       0.        , 0.        ])
20:55:03 | INFO     | np.sum(w_aug) = np.float64(192.0)
20:55:03 | INFO     | np.sum(self.kernelWeights) = np.float64(0.9999999999999999)
20:55:03 | INFO     | phi = array([ 0.        ,  0.        , -0.02077563,  0.        , -0.08190528,
       -0.00697149,  0.        ,  0.        ,  0.        , -0.01359644,
        0.        ,  0.        ,  0.        ,  0.        ,  0.        ,
        0.        ,  0.        ,  0.        ,  0.        , -0.00509474,
        0.        ,  0.        ,  0.        ,  0.        ,  0.        ,
        0.        , -0.01230001,  0.        ,  0.        ,  0.        ,
        0.        ,  0.        ,  0.        ,  0.        ,  0.        ,
        0.        ,  0.        ,  0.        ,  0.        ,  0.        ,
        0.        ,  0.        ,  0.        ,  0.        ,  0.        ,
        0.        ,  0.        ,  0.        ,  0.        ,  0.        ,
        0.        ,  0.        ,  0.        ,  0.        ,  0.        ,
        0.        ,  0.        ,  0.        ,  0.        ,  0.        ,
        0.        ,  0.        ,  0.        ,  0.        ,  0.        ,
        0.        ,  0.        ,  0.        ,  0.        ,  0.        ,
        0.        ,  0.        ,  0.        ,  0.        ,  0.        ,
        0.        ,  0.        ,  0.        ,  0.        ,  0.        ,
        0.        ,  0.        ,  0.        ,  0.        ,  0.        ,
        0.        ,  0.        ,  0.        ,  0.        ,  0.        ,
        0.        ,  0.        ,  0.        ,  0.        ,  0.        ,
        0.        ,  0.        ,  0.        ,  0.        ,  0.        ,
        0.        ,  0.        ,  0.        ,  0.        ,  0.        ,
        0.        ,  0.        ,  0.        ,  0.        ,  0.        ,
        0.        ,  0.        ,  0.        ,  0.        ,  0.        ,
       -0.01436299,  0.        ,  0.        ,  0.        ,  0.        ,
        0.        ,  0.        ,  0.        ,  0.        ,  0.        ,
        0.        ,  0.        ,  0.        ,  0.        ,  0.        ,
        0.        ,  0.        ,  0.        , -0.00946275,  0.        ,
        0.        ,  0.        ,  0.        ,  0.        ,  0.        ,
        0.        ,  0.        ,  0.        ,  0.        ,  0.        ,
        0.        ,  0.        , -0.00902672,  0.        ,  0.        ,
        0.        ,  0.        ,  0.        ,  0.        ,  0.        ,
        0.        ,  0.        ,  0.        ,  0.        ,  0.        ,
        0.        ,  0.        , -0.00920625,  0.        ,  0.        ,
        0.        ,  0.        ,  0.        ,  0.        ,  0.        ,
        0.        ,  0.        ,  0.        ,  0.        ,  0.        ,
        0.        ,  0.        ,  0.        ,  0.        ,  0.        ,
        0.        ,  0.        ,  0.        ,  0.        ,  0.        ,
        0.        ,  0.        ,  0.        ,  0.        ,  0.        ,
        0.        ,  0.        ])
20:55:03 | INFO     | num_full_subsets = 0
20:55:03 | INFO     | remaining_weight_vector = array([0.1720551 , 0.08648033, 0.0579586 , 0.04370017, 0.03514709,
       0.02944671, 0.02537647, 0.02232508, 0.01995296, 0.01805633,
       0.01650554, 0.01521413, 0.01412227, 0.01318721, 0.0123776 ,
       0.01166993, 0.01104623, 0.0104925 , 0.00999773, 0.00955306,
       0.00915136, 0.00878677, 0.00845447, 0.00815043, 0.00787126,
       0.00761412, 0.00737655, 0.00715647, 0.00695209, 0.00676184,
       0.00658436, 0.00641846, 0.00626311, 0.00611737, 0.00598044,
       0.00585159, 0.00573017, 0.00561561, 0.00550738, 0.00540502,
       0.00530811, 0.00521627, 0.00512916, 0.00504646, 0.00496788,
       0.00489317, 0.00482209, 0.00475442, 0.00468996, 0.00462852,
       0.00456995, 0.00451408, 0.00446077, 0.00440989, 0.00436132,
       0.00431493, 0.00427063, 0.00422832, 0.00418791, 0.00414931,
       0.00411244, 0.00407724, 0.00404362, 0.00401154, 0.00398092,
       0.00395172, 0.00392388, 0.00389736, 0.0038721 , 0.00384807,
       0.00382523, 0.00380353, 0.00378295, 0.00376346, 0.00374502,
       0.0037276 , 0.00371118, 0.00369574, 0.00368125, 0.00366769,
       0.00365505, 0.0036433 , 0.00363242, 0.00362241, 0.00361325,
       0.00360493, 0.00359743, 0.00359075, 0.00358487, 0.0035798 ,
       0.00357551, 0.00357201, 0.0035693 , 0.00356736, 0.0035662 ,
       0.00356581])
20:55:03 | INFO     | num_paired_subset_sizes = 95
20:55:03 | INFO     | weight_left = np.float64(1.0)
20:55:43 | INFO     | np.sum(w_aug) = np.float64(192.0)
20:55:43 | INFO     | np.sum(self.kernelWeights) = np.float64(0.9999999999999999)
20:55:43 | INFO     | phi = array([ 0.        ,  0.        , -0.01584093,  0.        ,  0.        ,
        0.        ,  0.        ,  0.        ,  0.        ,  0.        ,
        0.        ,  0.        ,  0.        ,  0.        ,  0.        ,
        0.        ,  0.        ,  0.        ,  0.        ,  0.        ,
        0.        ,  0.        , -0.01347709,  0.        ,  0.01638836,
        0.        ,  0.        ,  0.        ,  0.        ,  0.        ,
        0.        ,  0.        ,  0.        ,  0.        ,  0.        ,
        0.        ,  0.        ,  0.        ,  0.        ,  0.        ,
        0.        ,  0.        ,  0.        ,  0.        ,  0.        ,
        0.        ,  0.        ,  0.        ,  0.        ,  0.        ,
        0.        ,  0.        ,  0.        ,  0.        ,  0.        ,
        0.        ,  0.        ,  0.        ,  0.        ,  0.        ,
        0.        ,  0.        ,  0.        ,  0.        , -0.01456384,
        0.        ,  0.        ,  0.        ,  0.        ,  0.        ,
        0.        ,  0.        ,  0.        ,  0.        , -0.01455926,
        0.        ,  0.        ,  0.        ,  0.        ,  0.        ,
        0.        ,  0.        ,  0.        ,  0.        ,  0.        ,
        0.        ,  0.        ,  0.        ,  0.        ,  0.        ,
        0.        ,  0.        ,  0.        ,  0.        , -0.00737005,
        0.        ,  0.        ,  0.        ,  0.        ,  0.        ,
        0.        ,  0.        ,  0.        ,  0.        ,  0.        ,
        0.        ,  0.        ,  0.        , -0.02678309,  0.        ,
        0.        ,  0.        ,  0.        ,  0.        ,  0.        ,
        0.        ,  0.03201638,  0.        ,  0.        ,  0.        ,
        0.        ,  0.        ,  0.        ,  0.        ,  0.        ,
        0.        , -0.02245151,  0.        ,  0.        ,  0.        ,
        0.        ,  0.        ,  0.        ,  0.        ,  0.        ,
        0.00057606,  0.        ,  0.        ,  0.        ,  0.        ,
        0.        ,  0.        ,  0.        ,  0.        ,  0.        ,
        0.        ,  0.        ,  0.        ,  0.        ,  0.        ,
        0.        ,  0.        ,  0.        ,  0.        ,  0.        ,
        0.        ,  0.        ,  0.        ,  0.        ,  0.        ,
        0.        ,  0.        ,  0.        ,  0.        ,  0.        ,
        0.        ,  0.        ,  0.        ,  0.        ,  0.        ,
        0.        ,  0.        ,  0.        ,  0.        ,  0.        ,
        0.        ,  0.        ,  0.        ,  0.        ,  0.        ,
        0.        ,  0.        ,  0.        ,  0.        ,  0.        ,
        0.        ,  0.        ,  0.        ,  0.        ,  0.        ,
        0.        ,  0.        ])
20:55:43 | INFO     | np.sum(w_aug) = np.float64(192.0)
20:55:43 | INFO     | np.sum(self.kernelWeights) = np.float64(0.9999999999999999)
20:55:43 | INFO     | phi = array([ 0.        ,  0.        ,  0.01584093,  0.        ,  0.        ,
        0.        ,  0.        ,  0.        ,  0.        ,  0.        ,
        0.        ,  0.        ,  0.        ,  0.        ,  0.        ,
        0.        ,  0.        ,  0.        ,  0.        ,  0.        ,
        0.        ,  0.        ,  0.01347709,  0.        , -0.01638836,
        0.        ,  0.        ,  0.        ,  0.        ,  0.        ,
        0.        ,  0.        ,  0.        ,  0.        ,  0.        ,
        0.        ,  0.        ,  0.        ,  0.        ,  0.        ,
        0.        ,  0.        ,  0.        ,  0.        ,  0.        ,
        0.        ,  0.        ,  0.        ,  0.        ,  0.        ,
        0.        ,  0.        ,  0.        ,  0.        ,  0.        ,
        0.        ,  0.        ,  0.        ,  0.        ,  0.        ,
        0.        ,  0.        ,  0.        ,  0.        ,  0.01456385,
        0.        ,  0.        ,  0.        ,  0.        ,  0.        ,
        0.        ,  0.        ,  0.        ,  0.        ,  0.01455928,
        0.        ,  0.        ,  0.        ,  0.        ,  0.        ,
        0.        ,  0.        ,  0.        ,  0.        ,  0.        ,
        0.        ,  0.        ,  0.        ,  0.        ,  0.        ,
        0.        ,  0.        ,  0.        ,  0.        ,  0.00737006,
        0.        ,  0.        ,  0.        ,  0.        ,  0.        ,
        0.        ,  0.        ,  0.        ,  0.        ,  0.        ,
        0.        ,  0.        ,  0.        ,  0.02678309,  0.        ,
        0.        ,  0.        ,  0.        ,  0.        ,  0.        ,
        0.        , -0.03201636,  0.        ,  0.        ,  0.        ,
        0.        ,  0.        ,  0.        ,  0.        ,  0.        ,
        0.        ,  0.02245148,  0.        ,  0.        ,  0.        ,
        0.        ,  0.        ,  0.        ,  0.        ,  0.        ,
       -0.00057604,  0.        ,  0.        ,  0.        ,  0.        ,
        0.        ,  0.        ,  0.        ,  0.        ,  0.        ,
        0.        ,  0.        ,  0.        ,  0.        ,  0.        ,
        0.        ,  0.        ,  0.        ,  0.        ,  0.        ,
        0.        ,  0.        ,  0.        ,  0.        ,  0.        ,
        0.        ,  0.        ,  0.        ,  0.        ,  0.        ,
        0.        ,  0.        ,  0.        ,  0.        ,  0.        ,
        0.        ,  0.        ,  0.        ,  0.        ,  0.        ,
        0.        ,  0.        ,  0.        ,  0.        ,  0.        ,
        0.        ,  0.        ,  0.        ,  0.        ,  0.        ,
        0.        ,  0.        ,  0.        ,  0.        ,  0.        ,
        0.        ,  0.        ])
20:55:43 | INFO     | num_full_subsets = 0
20:55:43 | INFO     | remaining_weight_vector = array([0.1720551 , 0.08648033, 0.0579586 , 0.04370017, 0.03514709,
       0.02944671, 0.02537647, 0.02232508, 0.01995296, 0.01805633,
       0.01650554, 0.01521413, 0.01412227, 0.01318721, 0.0123776 ,
       0.01166993, 0.01104623, 0.0104925 , 0.00999773, 0.00955306,
       0.00915136, 0.00878677, 0.00845447, 0.00815043, 0.00787126,
       0.00761412, 0.00737655, 0.00715647, 0.00695209, 0.00676184,
       0.00658436, 0.00641846, 0.00626311, 0.00611737, 0.00598044,
       0.00585159, 0.00573017, 0.00561561, 0.00550738, 0.00540502,
       0.00530811, 0.00521627, 0.00512916, 0.00504646, 0.00496788,
       0.00489317, 0.00482209, 0.00475442, 0.00468996, 0.00462852,
       0.00456995, 0.00451408, 0.00446077, 0.00440989, 0.00436132,
       0.00431493, 0.00427063, 0.00422832, 0.00418791, 0.00414931,
       0.00411244, 0.00407724, 0.00404362, 0.00401154, 0.00398092,
       0.00395172, 0.00392388, 0.00389736, 0.0038721 , 0.00384807,
       0.00382523, 0.00380353, 0.00378295, 0.00376346, 0.00374502,
       0.0037276 , 0.00371118, 0.00369574, 0.00368125, 0.00366769,
       0.00365505, 0.0036433 , 0.00363242, 0.00362241, 0.00361325,
       0.00360493, 0.00359743, 0.00359075, 0.00358487, 0.0035798 ,
       0.00357551, 0.00357201, 0.0035693 , 0.00356736, 0.0035662 ,
       0.00356581])
20:55:43 | INFO     | num_paired_subset_sizes = 95
20:55:43 | INFO     | weight_left = np.float64(1.0)
20:56:26 | INFO     | np.sum(w_aug) = np.float64(192.00000000000003)
20:56:26 | INFO     | np.sum(self.kernelWeights) = np.float64(0.9999999999999999)
20:56:26 | INFO     | phi = array([ 0.        ,  0.        , -0.00738987,  0.        ,  0.        ,
        0.        ,  0.        ,  0.        ,  0.        ,  0.        ,
        0.        ,  0.        ,  0.        ,  0.        ,  0.        ,
        0.        ,  0.        ,  0.        ,  0.        ,  0.        ,
        0.        ,  0.        ,  0.        ,  0.        ,  0.        ,
        0.        ,  0.        ,  0.        ,  0.        ,  0.        ,
        0.        ,  0.        ,  0.        ,  0.        ,  0.        ,
        0.03881312, -0.00333971,  0.        ,  0.        ,  0.        ,
        0.        ,  0.        , -0.01676175,  0.        ,  0.        ,
        0.        ,  0.        ,  0.        ,  0.        ,  0.        ,
        0.        , -0.01623207,  0.        ,  0.        ,  0.        ,
        0.        ,  0.        ,  0.        ,  0.        ,  0.        ,
        0.        ,  0.        ,  0.        , -0.02214387, -0.02626714,
        0.        ,  0.        ,  0.        ,  0.        ,  0.        ,
        0.        ,  0.        ,  0.        ,  0.        ,  0.        ,
        0.        ,  0.        ,  0.        ,  0.        ,  0.        ,
        0.        ,  0.        ,  0.        ,  0.00174785,  0.        ,
        0.        ,  0.        ,  0.        ,  0.        ,  0.        ,
        0.        ,  0.        ,  0.        ,  0.        , -0.02404888,
        0.        ,  0.        ,  0.        ,  0.        ,  0.        ,
        0.        ,  0.        ,  0.        ,  0.        ,  0.        ,
        0.        ,  0.        ,  0.        ,  0.        ,  0.        ,
        0.        ,  0.        ,  0.        ,  0.        ,  0.        ,
        0.        ,  0.        ,  0.        ,  0.        ,  0.        ,
        0.        ,  0.        ,  0.        ,  0.        ,  0.        ,
        0.        ,  0.        ,  0.        ,  0.        ,  0.        ,
        0.        ,  0.        ,  0.        ,  0.        ,  0.        ,
        0.        ,  0.        ,  0.        ,  0.        ,  0.        ,
        0.        ,  0.        ,  0.        ,  0.        , -0.00538899,
        0.        ,  0.        ,  0.        ,  0.        ,  0.        ,
        0.        ,  0.        ,  0.        ,  0.        ,  0.        ,
        0.        ,  0.        ,  0.        ,  0.        ,  0.        ,
        0.        ,  0.        ,  0.        ,  0.        ,  0.        ,
        0.        ,  0.        ,  0.        ,  0.        ,  0.        ,
        0.        ,  0.        ,  0.        ,  0.        ,  0.        ,
        0.        ,  0.        ,  0.        ,  0.        ,  0.        ,
        0.        ,  0.        ,  0.        ,  0.        ,  0.        ,
        0.        ,  0.        ,  0.        ,  0.        ,  0.        ,
        0.        ,  0.        ])
20:56:26 | INFO     | np.sum(w_aug) = np.float64(192.00000000000003)
20:56:26 | INFO     | np.sum(self.kernelWeights) = np.float64(0.9999999999999999)
20:56:26 | INFO     | phi = array([ 0.        ,  0.        ,  0.00738985,  0.        ,  0.        ,
        0.        ,  0.        ,  0.        ,  0.        ,  0.        ,
        0.        ,  0.        ,  0.        ,  0.        ,  0.        ,
        0.        ,  0.        ,  0.        ,  0.        ,  0.        ,
        0.        ,  0.        ,  0.        ,  0.        ,  0.        ,
        0.        ,  0.        ,  0.        ,  0.        ,  0.        ,
        0.        ,  0.        ,  0.        ,  0.        ,  0.        ,
       -0.03881311,  0.0033397 ,  0.        ,  0.        ,  0.        ,
        0.        ,  0.        ,  0.01676175,  0.        ,  0.        ,
        0.        ,  0.        ,  0.        ,  0.        ,  0.        ,
        0.        ,  0.01623206,  0.        ,  0.        ,  0.        ,
        0.        ,  0.        ,  0.        ,  0.        ,  0.        ,
        0.        ,  0.        ,  0.        ,  0.02214387,  0.02626714,
        0.        ,  0.        ,  0.        ,  0.        ,  0.        ,
        0.        ,  0.        ,  0.        ,  0.        ,  0.        ,
        0.        ,  0.        ,  0.        ,  0.        ,  0.        ,
        0.        ,  0.        ,  0.        , -0.00174787,  0.        ,
        0.        ,  0.        ,  0.        ,  0.        ,  0.        ,
        0.        ,  0.        ,  0.        ,  0.        ,  0.0240489 ,
        0.        ,  0.        ,  0.        ,  0.        ,  0.        ,
        0.        ,  0.        ,  0.        ,  0.        ,  0.        ,
        0.        ,  0.        ,  0.        ,  0.        ,  0.        ,
        0.        ,  0.        ,  0.        ,  0.        ,  0.        ,
        0.        ,  0.        ,  0.        ,  0.        ,  0.        ,
        0.        ,  0.        ,  0.        ,  0.        ,  0.        ,
        0.        ,  0.        ,  0.        ,  0.        ,  0.        ,
        0.        ,  0.        ,  0.        ,  0.        ,  0.        ,
        0.        ,  0.        ,  0.        ,  0.        ,  0.        ,
        0.        ,  0.        ,  0.        ,  0.        ,  0.005389  ,
        0.        ,  0.        ,  0.        ,  0.        ,  0.        ,
        0.        ,  0.        ,  0.        ,  0.        ,  0.        ,
        0.        ,  0.        ,  0.        ,  0.        ,  0.        ,
        0.        ,  0.        ,  0.        ,  0.        ,  0.        ,
        0.        ,  0.        ,  0.        ,  0.        ,  0.        ,
        0.        ,  0.        ,  0.        ,  0.        ,  0.        ,
        0.        ,  0.        ,  0.        ,  0.        ,  0.        ,
        0.        ,  0.        ,  0.        ,  0.        ,  0.        ,
        0.        ,  0.        ,  0.        ,  0.        ,  0.        ,
        0.        ,  0.        ])
20:56:26 | INFO     | num_full_subsets = 0
20:56:26 | INFO     | remaining_weight_vector = array([0.1720551 , 0.08648033, 0.0579586 , 0.04370017, 0.03514709,
       0.02944671, 0.02537647, 0.02232508, 0.01995296, 0.01805633,
       0.01650554, 0.01521413, 0.01412227, 0.01318721, 0.0123776 ,
       0.01166993, 0.01104623, 0.0104925 , 0.00999773, 0.00955306,
       0.00915136, 0.00878677, 0.00845447, 0.00815043, 0.00787126,
       0.00761412, 0.00737655, 0.00715647, 0.00695209, 0.00676184,
       0.00658436, 0.00641846, 0.00626311, 0.00611737, 0.00598044,
       0.00585159, 0.00573017, 0.00561561, 0.00550738, 0.00540502,
       0.00530811, 0.00521627, 0.00512916, 0.00504646, 0.00496788,
       0.00489317, 0.00482209, 0.00475442, 0.00468996, 0.00462852,
       0.00456995, 0.00451408, 0.00446077, 0.00440989, 0.00436132,
       0.00431493, 0.00427063, 0.00422832, 0.00418791, 0.00414931,
       0.00411244, 0.00407724, 0.00404362, 0.00401154, 0.00398092,
       0.00395172, 0.00392388, 0.00389736, 0.0038721 , 0.00384807,
       0.00382523, 0.00380353, 0.00378295, 0.00376346, 0.00374502,
       0.0037276 , 0.00371118, 0.00369574, 0.00368125, 0.00366769,
       0.00365505, 0.0036433 , 0.00363242, 0.00362241, 0.00361325,
       0.00360493, 0.00359743, 0.00359075, 0.00358487, 0.0035798 ,
       0.00357551, 0.00357201, 0.0035693 , 0.00356736, 0.0035662 ,
       0.00356581])
20:56:26 | INFO     | num_paired_subset_sizes = 95
20:56:26 | INFO     | weight_left = np.float64(1.0)
20:57:13 | INFO     | np.sum(w_aug) = np.float64(192.0)
20:57:13 | INFO     | np.sum(self.kernelWeights) = np.float64(0.9999999999999999)
20:57:13 | INFO     | phi = array([ 0.        ,  0.        ,  0.        ,  0.04395962,  0.00056898,
        0.        ,  0.02683301,  0.        ,  0.        ,  0.        ,
        0.        ,  0.        ,  0.        ,  0.        ,  0.        ,
        0.        ,  0.        ,  0.        ,  0.        ,  0.        ,
        0.        ,  0.        ,  0.        ,  0.        ,  0.        ,
        0.        ,  0.        ,  0.        ,  0.        ,  0.        ,
        0.        ,  0.        ,  0.        ,  0.        ,  0.        ,
        0.        ,  0.        ,  0.        ,  0.        ,  0.        ,
        0.        ,  0.        ,  0.        ,  0.        ,  0.        ,
        0.        ,  0.        ,  0.        ,  0.        ,  0.        ,
        0.        ,  0.        ,  0.        ,  0.        ,  0.        ,
        0.        ,  0.        ,  0.        ,  0.        ,  0.        ,
        0.        ,  0.        ,  0.        ,  0.        ,  0.05061025,
        0.        , -0.00140205,  0.        ,  0.        ,  0.        ,
        0.        , -0.03513569,  0.        ,  0.        ,  0.        ,
        0.        ,  0.        ,  0.        ,  0.        ,  0.        ,
        0.        ,  0.        ,  0.        ,  0.        ,  0.        ,
        0.        ,  0.        ,  0.        ,  0.        ,  0.        ,
        0.01400387,  0.        ,  0.        ,  0.        ,  0.        ,
        0.        ,  0.        ,  0.        ,  0.        ,  0.        ,
        0.        ,  0.        ,  0.        ,  0.        ,  0.        ,
        0.        ,  0.        ,  0.        ,  0.        ,  0.        ,
        0.        ,  0.        ,  0.        ,  0.        ,  0.        ,
        0.        ,  0.        ,  0.        ,  0.        ,  0.        ,
        0.        ,  0.        ,  0.        ,  0.        ,  0.        ,
        0.        ,  0.        ,  0.        ,  0.        ,  0.0250425 ,
        0.        ,  0.        ,  0.        ,  0.        ,  0.        ,
        0.        ,  0.        ,  0.        ,  0.        ,  0.        ,
        0.        ,  0.        ,  0.        ,  0.        ,  0.02063318,
        0.        ,  0.        ,  0.        ,  0.        ,  0.        ,
        0.        ,  0.        ,  0.        ,  0.        ,  0.        ,
        0.        ,  0.        ,  0.        ,  0.        ,  0.        ,
        0.        ,  0.        ,  0.        ,  0.        ,  0.        ,
        0.        ,  0.        ,  0.        ,  0.        ,  0.        ,
        0.        ,  0.        ,  0.        ,  0.        ,  0.        ,
        0.        ,  0.        ,  0.00471532,  0.        ,  0.        ,
        0.        ,  0.        ,  0.        ,  0.        ,  0.        ,
        0.        ,  0.        ,  0.        ,  0.        ,  0.        ,
        0.        ,  0.        ])
20:57:13 | INFO     | np.sum(w_aug) = np.float64(192.0)
20:57:13 | INFO     | np.sum(self.kernelWeights) = np.float64(0.9999999999999999)
20:57:13 | INFO     | phi = array([ 0.        ,  0.        ,  0.        , -0.04395959, -0.00056895,
        0.        , -0.02683304,  0.        ,  0.        ,  0.        ,
        0.        ,  0.        ,  0.        ,  0.        ,  0.        ,
        0.        ,  0.        ,  0.        ,  0.        ,  0.        ,
        0.        ,  0.        ,  0.        ,  0.        ,  0.        ,
        0.        ,  0.        ,  0.        ,  0.        ,  0.        ,
        0.        ,  0.        ,  0.        ,  0.        ,  0.        ,
        0.        ,  0.        ,  0.        ,  0.        ,  0.        ,
        0.        ,  0.        ,  0.        ,  0.        ,  0.        ,
        0.        ,  0.        ,  0.        ,  0.        ,  0.        ,
        0.        ,  0.        ,  0.        ,  0.        ,  0.        ,
        0.        ,  0.        ,  0.        ,  0.        ,  0.        ,
        0.        ,  0.        ,  0.        ,  0.        , -0.05061026,
        0.        ,  0.00140208,  0.        ,  0.        ,  0.        ,
        0.        ,  0.03513572,  0.        ,  0.        ,  0.        ,
        0.        ,  0.        ,  0.        ,  0.        ,  0.        ,
        0.        ,  0.        ,  0.        ,  0.        ,  0.        ,
        0.        ,  0.        ,  0.        ,  0.        ,  0.        ,
       -0.01400387,  0.        ,  0.        ,  0.        ,  0.        ,
        0.        ,  0.        ,  0.        ,  0.        ,  0.        ,
        0.        ,  0.        ,  0.        ,  0.        ,  0.        ,
        0.        ,  0.        ,  0.        ,  0.        ,  0.        ,
        0.        ,  0.        ,  0.        ,  0.        ,  0.        ,
        0.        ,  0.        ,  0.        ,  0.        ,  0.        ,
        0.        ,  0.        ,  0.        ,  0.        ,  0.        ,
        0.        ,  0.        ,  0.        ,  0.        , -0.02504246,
        0.        ,  0.        ,  0.        ,  0.        ,  0.        ,
        0.        ,  0.        ,  0.        ,  0.        ,  0.        ,
        0.        ,  0.        ,  0.        ,  0.        , -0.0206332 ,
        0.        ,  0.        ,  0.        ,  0.        ,  0.        ,
        0.        ,  0.        ,  0.        ,  0.        ,  0.        ,
        0.        ,  0.        ,  0.        ,  0.        ,  0.        ,
        0.        ,  0.        ,  0.        ,  0.        ,  0.        ,
        0.        ,  0.        ,  0.        ,  0.        ,  0.        ,
        0.        ,  0.        ,  0.        ,  0.        ,  0.        ,
        0.        ,  0.        , -0.00471533,  0.        ,  0.        ,
        0.        ,  0.        ,  0.        ,  0.        ,  0.        ,
        0.        ,  0.        ,  0.        ,  0.        ,  0.        ,
        0.        ,  0.        ])
20:57:13 | INFO     | num_full_subsets = 0
20:57:13 | INFO     | remaining_weight_vector = array([0.1720551 , 0.08648033, 0.0579586 , 0.04370017, 0.03514709,
       0.02944671, 0.02537647, 0.02232508, 0.01995296, 0.01805633,
       0.01650554, 0.01521413, 0.01412227, 0.01318721, 0.0123776 ,
       0.01166993, 0.01104623, 0.0104925 , 0.00999773, 0.00955306,
       0.00915136, 0.00878677, 0.00845447, 0.00815043, 0.00787126,
       0.00761412, 0.00737655, 0.00715647, 0.00695209, 0.00676184,
       0.00658436, 0.00641846, 0.00626311, 0.00611737, 0.00598044,
       0.00585159, 0.00573017, 0.00561561, 0.00550738, 0.00540502,
       0.00530811, 0.00521627, 0.00512916, 0.00504646, 0.00496788,
       0.00489317, 0.00482209, 0.00475442, 0.00468996, 0.00462852,
       0.00456995, 0.00451408, 0.00446077, 0.00440989, 0.00436132,
       0.00431493, 0.00427063, 0.00422832, 0.00418791, 0.00414931,
       0.00411244, 0.00407724, 0.00404362, 0.00401154, 0.00398092,
       0.00395172, 0.00392388, 0.00389736, 0.0038721 , 0.00384807,
       0.00382523, 0.00380353, 0.00378295, 0.00376346, 0.00374502,
       0.0037276 , 0.00371118, 0.00369574, 0.00368125, 0.00366769,
       0.00365505, 0.0036433 , 0.00363242, 0.00362241, 0.00361325,
       0.00360493, 0.00359743, 0.00359075, 0.00358487, 0.0035798 ,
       0.00357551, 0.00357201, 0.0035693 , 0.00356736, 0.0035662 ,
       0.00356581])
20:57:13 | INFO     | num_paired_subset_sizes = 95
20:57:13 | INFO     | weight_left = np.float64(1.0)
20:57:59 | INFO     | np.sum(w_aug) = np.float64(192.0)
20:57:59 | INFO     | np.sum(self.kernelWeights) = np.float64(0.9999999999999996)
20:57:59 | INFO     | phi = array([-0.01518788, -0.01166359,  0.03404035,  0.        ,  0.        ,
        0.01910421,  0.        ,  0.        ,  0.        ,  0.        ,
        0.        ,  0.        ,  0.        ,  0.        ,  0.        ,
        0.        ,  0.        ,  0.        ,  0.        ,  0.        ,
        0.        ,  0.        ,  0.        ,  0.        ,  0.        ,
        0.        ,  0.        ,  0.        ,  0.        ,  0.        ,
        0.        ,  0.        ,  0.        ,  0.        ,  0.        ,
        0.        ,  0.        ,  0.        ,  0.        ,  0.        ,
        0.        ,  0.        ,  0.        ,  0.        ,  0.        ,
        0.        ,  0.        ,  0.        ,  0.        ,  0.        ,
        0.        ,  0.        ,  0.        ,  0.        ,  0.        ,
        0.        ,  0.        ,  0.        ,  0.        ,  0.        ,
        0.        ,  0.        ,  0.        ,  0.        ,  0.08783975,
        0.        , -0.02216795,  0.        , -0.01842855,  0.        ,
        0.        ,  0.        ,  0.        ,  0.        ,  0.        ,
        0.        ,  0.        ,  0.        ,  0.        ,  0.        ,
        0.        ,  0.        ,  0.        ,  0.        ,  0.        ,
        0.        ,  0.        ,  0.        ,  0.        ,  0.        ,
        0.        ,  0.        ,  0.        ,  0.        ,  0.        ,
        0.        ,  0.        ,  0.        ,  0.        ,  0.        ,
        0.        ,  0.        ,  0.        ,  0.        ,  0.        ,
        0.        ,  0.        ,  0.01336831,  0.        ,  0.        ,
        0.        ,  0.        ,  0.        ,  0.        ,  0.        ,
        0.        ,  0.        ,  0.        ,  0.        ,  0.        ,
        0.02244693,  0.        ,  0.        ,  0.        ,  0.        ,
        0.        ,  0.        ,  0.        ,  0.        ,  0.        ,
        0.        ,  0.        ,  0.        ,  0.        ,  0.        ,
        0.        ,  0.        ,  0.        ,  0.        ,  0.        ,
        0.        ,  0.        ,  0.        ,  0.        ,  0.        ,
        0.        ,  0.        ,  0.01051415,  0.        ,  0.        ,
        0.        ,  0.        ,  0.        ,  0.        ,  0.        ,
        0.        ,  0.        ,  0.        ,  0.        ,  0.        ,
        0.        ,  0.        ,  0.        ,  0.        ,  0.        ,
        0.        ,  0.        ,  0.        ,  0.        ,  0.        ,
        0.        ,  0.        ,  0.        ,  0.        ,  0.        ,
        0.        ,  0.        ,  0.        ,  0.        ,  0.        ,
        0.        ,  0.        ,  0.        ,  0.        ,  0.        ,
        0.        ,  0.        ,  0.        ,  0.        ,  0.        ,
        0.        ,  0.        ])
20:57:59 | INFO     | np.sum(w_aug) = np.float64(192.0)
20:57:59 | INFO     | np.sum(self.kernelWeights) = np.float64(0.9999999999999996)
20:57:59 | INFO     | phi = array([ 0.01518788,  0.0116636 , -0.03404033,  0.        ,  0.        ,
       -0.01910421,  0.        ,  0.        ,  0.        ,  0.        ,
        0.        ,  0.        ,  0.        ,  0.        ,  0.        ,
        0.        ,  0.        ,  0.        ,  0.        ,  0.        ,
        0.        ,  0.        ,  0.        ,  0.        ,  0.        ,
        0.        ,  0.        ,  0.        ,  0.        ,  0.        ,
        0.        ,  0.        ,  0.        ,  0.        ,  0.        ,
        0.        ,  0.        ,  0.        ,  0.        ,  0.        ,
        0.        ,  0.        ,  0.        ,  0.        ,  0.        ,
        0.        ,  0.        ,  0.        ,  0.        ,  0.        ,
        0.        ,  0.        ,  0.        ,  0.        ,  0.        ,
        0.        ,  0.        ,  0.        ,  0.        ,  0.        ,
        0.        ,  0.        ,  0.        ,  0.        , -0.08783975,
        0.        ,  0.02216793,  0.        ,  0.01842856,  0.        ,
        0.        ,  0.        ,  0.        ,  0.        ,  0.        ,
        0.        ,  0.        ,  0.        ,  0.        ,  0.        ,
        0.        ,  0.        ,  0.        ,  0.        ,  0.        ,
        0.        ,  0.        ,  0.        ,  0.        ,  0.        ,
        0.        ,  0.        ,  0.        ,  0.        ,  0.        ,
        0.        ,  0.        ,  0.        ,  0.        ,  0.        ,
        0.        ,  0.        ,  0.        ,  0.        ,  0.        ,
        0.        ,  0.        , -0.0133683 ,  0.        ,  0.        ,
        0.        ,  0.        ,  0.        ,  0.        ,  0.        ,
        0.        ,  0.        ,  0.        ,  0.        ,  0.        ,
       -0.02244694,  0.        ,  0.        ,  0.        ,  0.        ,
        0.        ,  0.        ,  0.        ,  0.        ,  0.        ,
        0.        ,  0.        ,  0.        ,  0.        ,  0.        ,
        0.        ,  0.        ,  0.        ,  0.        ,  0.        ,
        0.        ,  0.        ,  0.        ,  0.        ,  0.        ,
        0.        ,  0.        , -0.01051415,  0.        ,  0.        ,
        0.        ,  0.        ,  0.        ,  0.        ,  0.        ,
        0.        ,  0.        ,  0.        ,  0.        ,  0.        ,
        0.        ,  0.        ,  0.        ,  0.        ,  0.        ,
        0.        ,  0.        ,  0.        ,  0.        ,  0.        ,
        0.        ,  0.        ,  0.        ,  0.        ,  0.        ,
        0.        ,  0.        ,  0.        ,  0.        ,  0.        ,
        0.        ,  0.        ,  0.        ,  0.        ,  0.        ,
        0.        ,  0.        ,  0.        ,  0.        ,  0.        ,
        0.        ,  0.        ])
20:57:59 | INFO     | num_full_subsets = 0
20:57:59 | INFO     | remaining_weight_vector = array([0.1720551 , 0.08648033, 0.0579586 , 0.04370017, 0.03514709,
       0.02944671, 0.02537647, 0.02232508, 0.01995296, 0.01805633,
       0.01650554, 0.01521413, 0.01412227, 0.01318721, 0.0123776 ,
       0.01166993, 0.01104623, 0.0104925 , 0.00999773, 0.00955306,
       0.00915136, 0.00878677, 0.00845447, 0.00815043, 0.00787126,
       0.00761412, 0.00737655, 0.00715647, 0.00695209, 0.00676184,
       0.00658436, 0.00641846, 0.00626311, 0.00611737, 0.00598044,
       0.00585159, 0.00573017, 0.00561561, 0.00550738, 0.00540502,
       0.00530811, 0.00521627, 0.00512916, 0.00504646, 0.00496788,
       0.00489317, 0.00482209, 0.00475442, 0.00468996, 0.00462852,
       0.00456995, 0.00451408, 0.00446077, 0.00440989, 0.00436132,
       0.00431493, 0.00427063, 0.00422832, 0.00418791, 0.00414931,
       0.00411244, 0.00407724, 0.00404362, 0.00401154, 0.00398092,
       0.00395172, 0.00392388, 0.00389736, 0.0038721 , 0.00384807,
       0.00382523, 0.00380353, 0.00378295, 0.00376346, 0.00374502,
       0.0037276 , 0.00371118, 0.00369574, 0.00368125, 0.00366769,
       0.00365505, 0.0036433 , 0.00363242, 0.00362241, 0.00361325,
       0.00360493, 0.00359743, 0.00359075, 0.00358487, 0.0035798 ,
       0.00357551, 0.00357201, 0.0035693 , 0.00356736, 0.0035662 ,
       0.00356581])
20:57:59 | INFO     | num_paired_subset_sizes = 95
20:57:59 | INFO     | weight_left = np.float64(1.0)
20:58:42 | INFO     | np.sum(w_aug) = np.float64(192.0)
20:58:42 | INFO     | np.sum(self.kernelWeights) = np.float64(0.9999999999999996)
20:58:42 | INFO     | phi = array([ 0.        ,  0.        , -0.04191079,  0.        ,  0.        ,
        0.        ,  0.        ,  0.        ,  0.        ,  0.        ,
        0.        ,  0.        ,  0.        ,  0.        ,  0.        ,
        0.        ,  0.        ,  0.        ,  0.        ,  0.        ,
        0.        ,  0.        ,  0.        ,  0.        ,  0.        ,
        0.        ,  0.        ,  0.        ,  0.        ,  0.        ,
        0.        ,  0.        ,  0.        ,  0.        ,  0.        ,
        0.        ,  0.        ,  0.        ,  0.        ,  0.        ,
        0.        ,  0.        ,  0.        ,  0.        ,  0.        ,
        0.        ,  0.        ,  0.        ,  0.        ,  0.        ,
        0.        ,  0.        ,  0.        ,  0.        ,  0.        ,
        0.        ,  0.        ,  0.        , -0.00698132,  0.        ,
        0.        ,  0.        ,  0.        ,  0.        , -0.03248921,
        0.        ,  0.        ,  0.        ,  0.        ,  0.        ,
       -0.00143822,  0.        ,  0.        ,  0.        ,  0.        ,
        0.        ,  0.        ,  0.        ,  0.        ,  0.        ,
        0.        ,  0.        ,  0.        ,  0.        ,  0.        ,
        0.        ,  0.        ,  0.        ,  0.        ,  0.        ,
        0.        ,  0.        ,  0.        ,  0.        ,  0.        ,
        0.        ,  0.        ,  0.        , -0.01238352,  0.        ,
        0.        ,  0.        ,  0.        ,  0.        ,  0.        ,
        0.        ,  0.        ,  0.        ,  0.        ,  0.        ,
        0.        ,  0.        ,  0.        ,  0.        ,  0.        ,
        0.        ,  0.        ,  0.        , -0.0034987 , -0.00419069,
        0.        ,  0.        , -0.00424549,  0.        ,  0.        ,
        0.        ,  0.        ,  0.        ,  0.        ,  0.        ,
        0.        ,  0.        ,  0.        , -0.00422914,  0.        ,
        0.        ,  0.        ,  0.        ,  0.        ,  0.        ,
        0.        ,  0.        ,  0.        ,  0.        ,  0.        ,
        0.        ,  0.        ,  0.        ,  0.        ,  0.        ,
        0.        ,  0.        ,  0.        ,  0.        ,  0.        ,
        0.        ,  0.        ,  0.        ,  0.        ,  0.        ,
        0.        , -0.01314344,  0.        ,  0.        ,  0.        ,
        0.        ,  0.        ,  0.        ,  0.        ,  0.        ,
        0.        ,  0.        ,  0.        ,  0.        ,  0.        ,
        0.        ,  0.        ,  0.        ,  0.        ,  0.        ,
        0.        ,  0.        ,  0.        ,  0.        ,  0.        ,
        0.        ,  0.        ,  0.        ,  0.        ,  0.        ,
        0.        ,  0.        ])
20:58:42 | INFO     | np.sum(w_aug) = np.float64(192.0)
20:58:42 | INFO     | np.sum(self.kernelWeights) = np.float64(0.9999999999999996)
20:58:42 | INFO     | phi = array([0.        , 0.        , 0.04191079, 0.        , 0.        ,
       0.        , 0.        , 0.        , 0.        , 0.        ,
       0.        , 0.        , 0.        , 0.        , 0.        ,
       0.        , 0.        , 0.        , 0.        , 0.        ,
       0.        , 0.        , 0.        , 0.        , 0.        ,
       0.        , 0.        , 0.        , 0.        , 0.        ,
       0.        , 0.        , 0.        , 0.        , 0.        ,
       0.        , 0.        , 0.        , 0.        , 0.        ,
       0.        , 0.        , 0.        , 0.        , 0.        ,
       0.        , 0.        , 0.        , 0.        , 0.        ,
       0.        , 0.        , 0.        , 0.        , 0.        ,
       0.        , 0.        , 0.        , 0.00698132, 0.        ,
       0.        , 0.        , 0.        , 0.        , 0.03248922,
       0.        , 0.        , 0.        , 0.        , 0.        ,
       0.00143823, 0.        , 0.        , 0.        , 0.        ,
       0.        , 0.        , 0.        , 0.        , 0.        ,
       0.        , 0.        , 0.        , 0.        , 0.        ,
       0.        , 0.        , 0.        , 0.        , 0.        ,
       0.        , 0.        , 0.        , 0.        , 0.        ,
       0.        , 0.        , 0.        , 0.01238354, 0.        ,
       0.        , 0.        , 0.        , 0.        , 0.        ,
       0.        , 0.        , 0.        , 0.        , 0.        ,
       0.        , 0.        , 0.        , 0.        , 0.        ,
       0.        , 0.        , 0.        , 0.00349872, 0.00419067,
       0.        , 0.        , 0.00424548, 0.        , 0.        ,
       0.        , 0.        , 0.        , 0.        , 0.        ,
       0.        , 0.        , 0.        , 0.00422914, 0.        ,
       0.        , 0.        , 0.        , 0.        , 0.        ,
       0.        , 0.        , 0.        , 0.        , 0.        ,
       0.        , 0.        , 0.        , 0.        , 0.        ,
       0.        , 0.        , 0.        , 0.        , 0.        ,
       0.        , 0.        , 0.        , 0.        , 0.        ,
       0.        , 0.01314342, 0.        , 0.        , 0.        ,
       0.        , 0.        , 0.        , 0.        , 0.        ,
       0.        , 0.        , 0.        , 0.        , 0.        ,
       0.        , 0.        , 0.        , 0.        , 0.        ,
       0.        , 0.        , 0.        , 0.        , 0.        ,
       0.        , 0.        , 0.        , 0.        , 0.        ,
       0.        , 0.        ])
20:58:42 | INFO     | num_full_subsets = 0
20:58:42 | INFO     | remaining_weight_vector = array([0.1720551 , 0.08648033, 0.0579586 , 0.04370017, 0.03514709,
       0.02944671, 0.02537647, 0.02232508, 0.01995296, 0.01805633,
       0.01650554, 0.01521413, 0.01412227, 0.01318721, 0.0123776 ,
       0.01166993, 0.01104623, 0.0104925 , 0.00999773, 0.00955306,
       0.00915136, 0.00878677, 0.00845447, 0.00815043, 0.00787126,
       0.00761412, 0.00737655, 0.00715647, 0.00695209, 0.00676184,
       0.00658436, 0.00641846, 0.00626311, 0.00611737, 0.00598044,
       0.00585159, 0.00573017, 0.00561561, 0.00550738, 0.00540502,
       0.00530811, 0.00521627, 0.00512916, 0.00504646, 0.00496788,
       0.00489317, 0.00482209, 0.00475442, 0.00468996, 0.00462852,
       0.00456995, 0.00451408, 0.00446077, 0.00440989, 0.00436132,
       0.00431493, 0.00427063, 0.00422832, 0.00418791, 0.00414931,
       0.00411244, 0.00407724, 0.00404362, 0.00401154, 0.00398092,
       0.00395172, 0.00392388, 0.00389736, 0.0038721 , 0.00384807,
       0.00382523, 0.00380353, 0.00378295, 0.00376346, 0.00374502,
       0.0037276 , 0.00371118, 0.00369574, 0.00368125, 0.00366769,
       0.00365505, 0.0036433 , 0.00363242, 0.00362241, 0.00361325,
       0.00360493, 0.00359743, 0.00359075, 0.00358487, 0.0035798 ,
       0.00357551, 0.00357201, 0.0035693 , 0.00356736, 0.0035662 ,
       0.00356581])
20:58:42 | INFO     | num_paired_subset_sizes = 95
20:58:42 | INFO     | weight_left = np.float64(1.0)
20:59:23 | INFO     | np.sum(w_aug) = np.float64(192.0)
20:59:23 | INFO     | np.sum(self.kernelWeights) = np.float64(0.9999999999999996)
20:59:23 | INFO     | phi = array([0.        , 0.        , 0.20782344, 0.        , 0.01751907,
       0.        , 0.        , 0.        , 0.        , 0.        ,
       0.        , 0.        , 0.        , 0.        , 0.        ,
       0.        , 0.        , 0.        , 0.        , 0.        ,
       0.        , 0.        , 0.        , 0.        , 0.00581911,
       0.        , 0.        , 0.        , 0.        , 0.        ,
       0.        , 0.        , 0.        , 0.00588402, 0.        ,
       0.        , 0.        , 0.        , 0.        , 0.        ,
       0.        , 0.        , 0.        , 0.        , 0.00235925,
       0.        , 0.        , 0.        , 0.        , 0.        ,
       0.        , 0.        , 0.        , 0.        , 0.        ,
       0.        , 0.        , 0.        , 0.        , 0.        ,
       0.        , 0.        , 0.        , 0.        , 0.06318605,
       0.        , 0.        , 0.        , 0.        , 0.        ,
       0.        , 0.        , 0.        , 0.        , 0.        ,
       0.        , 0.        , 0.        , 0.        , 0.        ,
       0.        , 0.        , 0.        , 0.03673785, 0.        ,
       0.        , 0.        , 0.        , 0.        , 0.        ,
       0.        , 0.        , 0.        , 0.        , 0.        ,
       0.        , 0.        , 0.        , 0.        , 0.        ,
       0.        , 0.        , 0.        , 0.        , 0.        ,
       0.        , 0.        , 0.        , 0.        , 0.        ,
       0.        , 0.        , 0.        , 0.        , 0.        ,
       0.        , 0.        , 0.        , 0.        , 0.        ,
       0.        , 0.        , 0.        , 0.        , 0.        ,
       0.        , 0.        , 0.        , 0.00183126, 0.00334342,
       0.        , 0.        , 0.        , 0.        , 0.        ,
       0.00533177, 0.        , 0.        , 0.        , 0.        ,
       0.        , 0.        , 0.        , 0.        , 0.        ,
       0.        , 0.        , 0.        , 0.        , 0.        ,
       0.        , 0.        , 0.        , 0.        , 0.        ,
       0.        , 0.        , 0.        , 0.        , 0.        ,
       0.        , 0.        , 0.        , 0.        , 0.        ,
       0.        , 0.        , 0.        , 0.        , 0.        ,
       0.        , 0.        , 0.        , 0.        , 0.        ,
       0.        , 0.        , 0.        , 0.        , 0.        ,
       0.        , 0.        , 0.        , 0.        , 0.        ,
       0.        , 0.        , 0.        , 0.        , 0.        ,
       0.        , 0.        ])
20:59:23 | INFO     | np.sum(w_aug) = np.float64(192.0)
20:59:23 | INFO     | np.sum(self.kernelWeights) = np.float64(0.9999999999999996)
20:59:23 | INFO     | phi = array([ 0.        ,  0.        , -0.20782345,  0.        , -0.01751907,
        0.        ,  0.        ,  0.        ,  0.        ,  0.        ,
        0.        ,  0.        ,  0.        ,  0.        ,  0.        ,
        0.        ,  0.        ,  0.        ,  0.        ,  0.        ,
        0.        ,  0.        ,  0.        ,  0.        , -0.00581911,
        0.        ,  0.        ,  0.        ,  0.        ,  0.        ,
        0.        ,  0.        ,  0.        , -0.005884  ,  0.        ,
        0.        ,  0.        ,  0.        ,  0.        ,  0.        ,
        0.        ,  0.        ,  0.        ,  0.        , -0.00235925,
        0.        ,  0.        ,  0.        ,  0.        ,  0.        ,
        0.        ,  0.        ,  0.        ,  0.        ,  0.        ,
        0.        ,  0.        ,  0.        ,  0.        ,  0.        ,
        0.        ,  0.        ,  0.        ,  0.        , -0.06318605,
        0.        ,  0.        ,  0.        ,  0.        ,  0.        ,
        0.        ,  0.        ,  0.        ,  0.        ,  0.        ,
        0.        ,  0.        ,  0.        ,  0.        ,  0.        ,
        0.        ,  0.        ,  0.        , -0.03673787,  0.        ,
        0.        ,  0.        ,  0.        ,  0.        ,  0.        ,
        0.        ,  0.        ,  0.        ,  0.        ,  0.        ,
        0.        ,  0.        ,  0.        ,  0.        ,  0.        ,
        0.        ,  0.        ,  0.        ,  0.        ,  0.        ,
        0.        ,  0.        ,  0.        ,  0.        ,  0.        ,
        0.        ,  0.        ,  0.        ,  0.        ,  0.        ,
        0.        ,  0.        ,  0.        ,  0.        ,  0.        ,
        0.        ,  0.        ,  0.        ,  0.        ,  0.        ,
        0.        ,  0.        ,  0.        , -0.00183126, -0.00334341,
        0.        ,  0.        ,  0.        ,  0.        ,  0.        ,
       -0.00533178,  0.        ,  0.        ,  0.        ,  0.        ,
        0.        ,  0.        ,  0.        ,  0.        ,  0.        ,
        0.        ,  0.        ,  0.        ,  0.        ,  0.        ,
        0.        ,  0.        ,  0.        ,  0.        ,  0.        ,
        0.        ,  0.        ,  0.        ,  0.        ,  0.        ,
        0.        ,  0.        ,  0.        ,  0.        ,  0.        ,
        0.        ,  0.        ,  0.        ,  0.        ,  0.        ,
        0.        ,  0.        ,  0.        ,  0.        ,  0.        ,
        0.        ,  0.        ,  0.        ,  0.        ,  0.        ,
        0.        ,  0.        ,  0.        ,  0.        ,  0.        ,
        0.        ,  0.        ,  0.        ,  0.        ,  0.        ,
        0.        ,  0.        ])
20:59:23 | INFO     | num_full_subsets = 0
20:59:23 | INFO     | remaining_weight_vector = array([0.1720551 , 0.08648033, 0.0579586 , 0.04370017, 0.03514709,
       0.02944671, 0.02537647, 0.02232508, 0.01995296, 0.01805633,
       0.01650554, 0.01521413, 0.01412227, 0.01318721, 0.0123776 ,
       0.01166993, 0.01104623, 0.0104925 , 0.00999773, 0.00955306,
       0.00915136, 0.00878677, 0.00845447, 0.00815043, 0.00787126,
       0.00761412, 0.00737655, 0.00715647, 0.00695209, 0.00676184,
       0.00658436, 0.00641846, 0.00626311, 0.00611737, 0.00598044,
       0.00585159, 0.00573017, 0.00561561, 0.00550738, 0.00540502,
       0.00530811, 0.00521627, 0.00512916, 0.00504646, 0.00496788,
       0.00489317, 0.00482209, 0.00475442, 0.00468996, 0.00462852,
       0.00456995, 0.00451408, 0.00446077, 0.00440989, 0.00436132,
       0.00431493, 0.00427063, 0.00422832, 0.00418791, 0.00414931,
       0.00411244, 0.00407724, 0.00404362, 0.00401154, 0.00398092,
       0.00395172, 0.00392388, 0.00389736, 0.0038721 , 0.00384807,
       0.00382523, 0.00380353, 0.00378295, 0.00376346, 0.00374502,
       0.0037276 , 0.00371118, 0.00369574, 0.00368125, 0.00366769,
       0.00365505, 0.0036433 , 0.00363242, 0.00362241, 0.00361325,
       0.00360493, 0.00359743, 0.00359075, 0.00358487, 0.0035798 ,
       0.00357551, 0.00357201, 0.0035693 , 0.00356736, 0.0035662 ,
       0.00356581])
20:59:23 | INFO     | num_paired_subset_sizes = 95
20:59:23 | INFO     | weight_left = np.float64(1.0)
21:00:05 | INFO     | np.sum(w_aug) = np.float64(192.0)
21:00:05 | INFO     | np.sum(self.kernelWeights) = np.float64(0.9999999999999999)
21:00:05 | INFO     | phi = array([-0.00143176, -0.02559536, -0.00622526,  0.        ,  0.        ,
        0.        ,  0.        ,  0.        ,  0.        ,  0.        ,
        0.        ,  0.        ,  0.        ,  0.        ,  0.        ,
        0.        ,  0.        ,  0.        ,  0.        ,  0.        ,
        0.        ,  0.        ,  0.        ,  0.        ,  0.        ,
        0.00013413,  0.        ,  0.        ,  0.        ,  0.        ,
        0.        ,  0.        ,  0.        ,  0.        ,  0.        ,
        0.        ,  0.        ,  0.        ,  0.        ,  0.        ,
        0.        ,  0.        ,  0.        ,  0.        ,  0.        ,
        0.        ,  0.        ,  0.        ,  0.        ,  0.        ,
        0.        ,  0.        ,  0.        ,  0.        ,  0.        ,
        0.        ,  0.        ,  0.        ,  0.        ,  0.        ,
        0.        ,  0.        ,  0.        , -0.00380785,  0.        ,
        0.        ,  0.        ,  0.        ,  0.        , -0.00162648,
       -0.01789649,  0.        ,  0.        ,  0.        ,  0.        ,
        0.        ,  0.        ,  0.        ,  0.        ,  0.        ,
        0.        ,  0.        ,  0.        ,  0.        , -0.00045281,
        0.        , -0.00261115,  0.        ,  0.        ,  0.        ,
        0.        ,  0.        ,  0.        ,  0.        ,  0.        ,
        0.        ,  0.        ,  0.        ,  0.        ,  0.        ,
        0.        ,  0.        ,  0.        ,  0.        ,  0.        ,
        0.        ,  0.        ,  0.        ,  0.        ,  0.        ,
        0.        ,  0.        ,  0.        ,  0.        ,  0.        ,
        0.        ,  0.        ,  0.        ,  0.        ,  0.        ,
        0.        ,  0.        ,  0.        ,  0.        ,  0.        ,
        0.        ,  0.        ,  0.        ,  0.        ,  0.        ,
        0.        ,  0.        ,  0.        ,  0.        ,  0.        ,
        0.        ,  0.        ,  0.        ,  0.        ,  0.        ,
        0.        ,  0.        ,  0.        ,  0.        ,  0.        ,
        0.        ,  0.        ,  0.        ,  0.        ,  0.        ,
        0.        ,  0.        ,  0.        ,  0.        ,  0.        ,
        0.        ,  0.        ,  0.        ,  0.        ,  0.        ,
        0.        ,  0.        ,  0.        ,  0.        ,  0.        ,
        0.        ,  0.        ,  0.        ,  0.        ,  0.        ,
        0.        ,  0.        ,  0.        ,  0.        ,  0.        ,
        0.        ,  0.        ,  0.        ,  0.        ,  0.        ,
        0.        ,  0.        ,  0.        ,  0.        ,  0.        ,
        0.        ,  0.        ,  0.        ,  0.        ,  0.        ,
       -0.00650496,  0.        ])
21:00:05 | INFO     | np.sum(w_aug) = np.float64(192.0)
21:00:05 | INFO     | np.sum(self.kernelWeights) = np.float64(0.9999999999999999)
21:00:05 | INFO     | phi = array([ 0.00143177,  0.02559537,  0.00622527,  0.        ,  0.        ,
        0.        ,  0.        ,  0.        ,  0.        ,  0.        ,
        0.        ,  0.        ,  0.        ,  0.        ,  0.        ,
        0.        ,  0.        ,  0.        ,  0.        ,  0.        ,
        0.        ,  0.        ,  0.        ,  0.        ,  0.        ,
       -0.00013412,  0.        ,  0.        ,  0.        ,  0.        ,
        0.        ,  0.        ,  0.        ,  0.        ,  0.        ,
        0.        ,  0.        ,  0.        ,  0.        ,  0.        ,
        0.        ,  0.        ,  0.        ,  0.        ,  0.        ,
        0.        ,  0.        ,  0.        ,  0.        ,  0.        ,
        0.        ,  0.        ,  0.        ,  0.        ,  0.        ,
        0.        ,  0.        ,  0.        ,  0.        ,  0.        ,
        0.        ,  0.        ,  0.        ,  0.00380786,  0.        ,
        0.        ,  0.        ,  0.        ,  0.        ,  0.00162647,
        0.01789647,  0.        ,  0.        ,  0.        ,  0.        ,
        0.        ,  0.        ,  0.        ,  0.        ,  0.        ,
        0.        ,  0.        ,  0.        ,  0.        ,  0.0004528 ,
        0.        ,  0.00261113,  0.        ,  0.        ,  0.        ,
        0.        ,  0.        ,  0.        ,  0.        ,  0.        ,
        0.        ,  0.        ,  0.        ,  0.        ,  0.        ,
        0.        ,  0.        ,  0.        ,  0.        ,  0.        ,
        0.        ,  0.        ,  0.        ,  0.        ,  0.        ,
        0.        ,  0.        ,  0.        ,  0.        ,  0.        ,
        0.        ,  0.        ,  0.        ,  0.        ,  0.        ,
        0.        ,  0.        ,  0.        ,  0.        ,  0.        ,
        0.        ,  0.        ,  0.        ,  0.        ,  0.        ,
        0.        ,  0.        ,  0.        ,  0.        ,  0.        ,
        0.        ,  0.        ,  0.        ,  0.        ,  0.        ,
        0.        ,  0.        ,  0.        ,  0.        ,  0.        ,
        0.        ,  0.        ,  0.        ,  0.        ,  0.        ,
        0.        ,  0.        ,  0.        ,  0.        ,  0.        ,
        0.        ,  0.        ,  0.        ,  0.        ,  0.        ,
        0.        ,  0.        ,  0.        ,  0.        ,  0.        ,
        0.        ,  0.        ,  0.        ,  0.        ,  0.        ,
        0.        ,  0.        ,  0.        ,  0.        ,  0.        ,
        0.        ,  0.        ,  0.        ,  0.        ,  0.        ,
        0.        ,  0.        ,  0.        ,  0.        ,  0.        ,
        0.        ,  0.        ,  0.        ,  0.        ,  0.        ,
        0.00650496,  0.        ])
21:00:05 | INFO     | num_full_subsets = 0
21:00:05 | INFO     | remaining_weight_vector = array([0.1720551 , 0.08648033, 0.0579586 , 0.04370017, 0.03514709,
       0.02944671, 0.02537647, 0.02232508, 0.01995296, 0.01805633,
       0.01650554, 0.01521413, 0.01412227, 0.01318721, 0.0123776 ,
       0.01166993, 0.01104623, 0.0104925 , 0.00999773, 0.00955306,
       0.00915136, 0.00878677, 0.00845447, 0.00815043, 0.00787126,
       0.00761412, 0.00737655, 0.00715647, 0.00695209, 0.00676184,
       0.00658436, 0.00641846, 0.00626311, 0.00611737, 0.00598044,
       0.00585159, 0.00573017, 0.00561561, 0.00550738, 0.00540502,
       0.00530811, 0.00521627, 0.00512916, 0.00504646, 0.00496788,
       0.00489317, 0.00482209, 0.00475442, 0.00468996, 0.00462852,
       0.00456995, 0.00451408, 0.00446077, 0.00440989, 0.00436132,
       0.00431493, 0.00427063, 0.00422832, 0.00418791, 0.00414931,
       0.00411244, 0.00407724, 0.00404362, 0.00401154, 0.00398092,
       0.00395172, 0.00392388, 0.00389736, 0.0038721 , 0.00384807,
       0.00382523, 0.00380353, 0.00378295, 0.00376346, 0.00374502,
       0.0037276 , 0.00371118, 0.00369574, 0.00368125, 0.00366769,
       0.00365505, 0.0036433 , 0.00363242, 0.00362241, 0.00361325,
       0.00360493, 0.00359743, 0.00359075, 0.00358487, 0.0035798 ,
       0.00357551, 0.00357201, 0.0035693 , 0.00356736, 0.0035662 ,
       0.00356581])
21:00:05 | INFO     | num_paired_subset_sizes = 95
21:00:05 | INFO     | weight_left = np.float64(1.0)
21:00:47 | INFO     | np.sum(w_aug) = np.float64(192.0)
21:00:47 | INFO     | np.sum(self.kernelWeights) = np.float64(0.9999999999999999)
21:00:47 | INFO     | phi = array([ 0.        ,  0.        ,  0.        ,  0.        ,  0.        ,
        0.        ,  0.        ,  0.02767077,  0.        ,  0.        ,
        0.        ,  0.        ,  0.        ,  0.        ,  0.        ,
       -0.0050895 ,  0.        ,  0.        ,  0.        ,  0.        ,
        0.        ,  0.        ,  0.        , -0.00281424,  0.        ,
        0.        ,  0.        ,  0.        ,  0.        ,  0.        ,
        0.        ,  0.        ,  0.        ,  0.        ,  0.        ,
        0.        ,  0.        ,  0.        ,  0.        ,  0.        ,
        0.        ,  0.        ,  0.        ,  0.        ,  0.        ,
        0.        ,  0.        ,  0.        ,  0.        ,  0.        ,
        0.        ,  0.        ,  0.        ,  0.        ,  0.        ,
        0.        ,  0.        ,  0.        ,  0.        ,  0.        ,
        0.        ,  0.        ,  0.        ,  0.        ,  0.        ,
       -0.06159684,  0.        ,  0.        ,  0.        ,  0.        ,
        0.        ,  0.03641975,  0.        ,  0.        ,  0.        ,
       -0.00343616,  0.        ,  0.        ,  0.        ,  0.        ,
        0.        ,  0.        ,  0.        ,  0.        ,  0.        ,
        0.        ,  0.        ,  0.        ,  0.        ,  0.        ,
        0.        ,  0.        ,  0.        ,  0.        ,  0.        ,
        0.        ,  0.        ,  0.        ,  0.        ,  0.        ,
        0.        ,  0.        ,  0.        ,  0.        ,  0.        ,
        0.        ,  0.        , -0.00430541,  0.        ,  0.        ,
        0.        ,  0.        ,  0.        ,  0.        ,  0.        ,
        0.        ,  0.0002597 ,  0.        ,  0.        ,  0.        ,
        0.        ,  0.        ,  0.        ,  0.        ,  0.        ,
        0.        ,  0.        ,  0.        ,  0.        , -0.0408126 ,
        0.        ,  0.        ,  0.        ,  0.        ,  0.        ,
        0.        ,  0.        ,  0.        ,  0.        ,  0.        ,
        0.        ,  0.        ,  0.        ,  0.        ,  0.        ,
        0.        ,  0.        ,  0.0073236 ,  0.        ,  0.        ,
        0.        ,  0.        ,  0.        ,  0.        ,  0.        ,
        0.        ,  0.        ,  0.        ,  0.        ,  0.        ,
        0.        ,  0.        ,  0.        ,  0.        ,  0.        ,
        0.        ,  0.        ,  0.        ,  0.        ,  0.        ,
        0.        ,  0.        ,  0.        ,  0.        ,  0.        ,
        0.        ,  0.        ,  0.        ,  0.        ,  0.        ,
        0.        ,  0.        ,  0.        ,  0.        ,  0.        ,
        0.        ,  0.        ,  0.        ,  0.        ,  0.        ,
        0.        ,  0.        ])
21:00:47 | INFO     | np.sum(w_aug) = np.float64(192.0)
21:00:47 | INFO     | np.sum(self.kernelWeights) = np.float64(0.9999999999999999)
21:00:47 | INFO     | phi = array([ 0.        ,  0.        ,  0.        ,  0.        ,  0.        ,
        0.        ,  0.        , -0.02767078,  0.        ,  0.        ,
        0.        ,  0.        ,  0.        ,  0.        ,  0.        ,
        0.0050895 ,  0.        ,  0.        ,  0.        ,  0.        ,
        0.        ,  0.        ,  0.        ,  0.00281424,  0.        ,
        0.        ,  0.        ,  0.        ,  0.        ,  0.        ,
        0.        ,  0.        ,  0.        ,  0.        ,  0.        ,
        0.        ,  0.        ,  0.        ,  0.        ,  0.        ,
        0.        ,  0.        ,  0.        ,  0.        ,  0.        ,
        0.        ,  0.        ,  0.        ,  0.        ,  0.        ,
        0.        ,  0.        ,  0.        ,  0.        ,  0.        ,
        0.        ,  0.        ,  0.        ,  0.        ,  0.        ,
        0.        ,  0.        ,  0.        ,  0.        ,  0.        ,
        0.06159683,  0.        ,  0.        ,  0.        ,  0.        ,
        0.        , -0.03641974,  0.        ,  0.        ,  0.        ,
        0.00343616,  0.        ,  0.        ,  0.        ,  0.        ,
        0.        ,  0.        ,  0.        ,  0.        ,  0.        ,
        0.        ,  0.        ,  0.        ,  0.        ,  0.        ,
        0.        ,  0.        ,  0.        ,  0.        ,  0.        ,
        0.        ,  0.        ,  0.        ,  0.        ,  0.        ,
        0.        ,  0.        ,  0.        ,  0.        ,  0.        ,
        0.        ,  0.        ,  0.00430541,  0.        ,  0.        ,
        0.        ,  0.        ,  0.        ,  0.        ,  0.        ,
        0.        , -0.00025969,  0.        ,  0.        ,  0.        ,
        0.        ,  0.        ,  0.        ,  0.        ,  0.        ,
        0.        ,  0.        ,  0.        ,  0.        ,  0.04081258,
        0.        ,  0.        ,  0.        ,  0.        ,  0.        ,
        0.        ,  0.        ,  0.        ,  0.        ,  0.        ,
        0.        ,  0.        ,  0.        ,  0.        ,  0.        ,
        0.        ,  0.        , -0.00732362,  0.        ,  0.        ,
        0.        ,  0.        ,  0.        ,  0.        ,  0.        ,
        0.        ,  0.        ,  0.        ,  0.        ,  0.        ,
        0.        ,  0.        ,  0.        ,  0.        ,  0.        ,
        0.        ,  0.        ,  0.        ,  0.        ,  0.        ,
        0.        ,  0.        ,  0.        ,  0.        ,  0.        ,
        0.        ,  0.        ,  0.        ,  0.        ,  0.        ,
        0.        ,  0.        ,  0.        ,  0.        ,  0.        ,
        0.        ,  0.        ,  0.        ,  0.        ,  0.        ,
        0.        ,  0.        ])
21:00:47 | INFO     | num_full_subsets = 0
21:00:47 | INFO     | remaining_weight_vector = array([0.1720551 , 0.08648033, 0.0579586 , 0.04370017, 0.03514709,
       0.02944671, 0.02537647, 0.02232508, 0.01995296, 0.01805633,
       0.01650554, 0.01521413, 0.01412227, 0.01318721, 0.0123776 ,
       0.01166993, 0.01104623, 0.0104925 , 0.00999773, 0.00955306,
       0.00915136, 0.00878677, 0.00845447, 0.00815043, 0.00787126,
       0.00761412, 0.00737655, 0.00715647, 0.00695209, 0.00676184,
       0.00658436, 0.00641846, 0.00626311, 0.00611737, 0.00598044,
       0.00585159, 0.00573017, 0.00561561, 0.00550738, 0.00540502,
       0.00530811, 0.00521627, 0.00512916, 0.00504646, 0.00496788,
       0.00489317, 0.00482209, 0.00475442, 0.00468996, 0.00462852,
       0.00456995, 0.00451408, 0.00446077, 0.00440989, 0.00436132,
       0.00431493, 0.00427063, 0.00422832, 0.00418791, 0.00414931,
       0.00411244, 0.00407724, 0.00404362, 0.00401154, 0.00398092,
       0.00395172, 0.00392388, 0.00389736, 0.0038721 , 0.00384807,
       0.00382523, 0.00380353, 0.00378295, 0.00376346, 0.00374502,
       0.0037276 , 0.00371118, 0.00369574, 0.00368125, 0.00366769,
       0.00365505, 0.0036433 , 0.00363242, 0.00362241, 0.00361325,
       0.00360493, 0.00359743, 0.00359075, 0.00358487, 0.0035798 ,
       0.00357551, 0.00357201, 0.0035693 , 0.00356736, 0.0035662 ,
       0.00356581])
21:00:47 | INFO     | num_paired_subset_sizes = 95
21:00:47 | INFO     | weight_left = np.float64(1.0)
21:01:28 | INFO     | np.sum(w_aug) = np.float64(192.0)
21:01:28 | INFO     | np.sum(self.kernelWeights) = np.float64(0.9999999999999999)
21:01:28 | INFO     | phi = array([ 0.        ,  0.        ,  0.22368955,  0.        ,  0.        ,
        0.        ,  0.        ,  0.        ,  0.        ,  0.        ,
        0.        ,  0.        ,  0.        ,  0.        ,  0.        ,
        0.        ,  0.        ,  0.        ,  0.        ,  0.        ,
        0.        ,  0.        ,  0.        ,  0.        ,  0.        ,
        0.        ,  0.        ,  0.        ,  0.        ,  0.        ,
        0.        ,  0.        ,  0.        ,  0.        ,  0.        ,
        0.        ,  0.        ,  0.        ,  0.        ,  0.        ,
        0.        ,  0.        ,  0.        ,  0.        ,  0.        ,
        0.        ,  0.        ,  0.        ,  0.        ,  0.        ,
        0.        ,  0.        ,  0.        ,  0.        ,  0.        ,
        0.        ,  0.        ,  0.        ,  0.        ,  0.        ,
        0.        ,  0.        ,  0.        ,  0.        ,  0.12408316,
        0.        ,  0.        ,  0.        ,  0.        ,  0.        ,
        0.        ,  0.        ,  0.        ,  0.        ,  0.        ,
        0.        ,  0.        ,  0.        ,  0.        ,  0.        ,
        0.        ,  0.        ,  0.        ,  0.        ,  0.        ,
        0.01376199,  0.        ,  0.        ,  0.        ,  0.        ,
        0.        ,  0.        ,  0.        ,  0.        ,  0.        ,
        0.        ,  0.        ,  0.        ,  0.        ,  0.        ,
        0.        ,  0.        ,  0.        ,  0.        ,  0.        ,
        0.        ,  0.        ,  0.        ,  0.        ,  0.        ,
        0.00712279,  0.        ,  0.        ,  0.        ,  0.        ,
       -0.0012789 ,  0.        ,  0.        ,  0.        ,  0.        ,
        0.        ,  0.        ,  0.        ,  0.        ,  0.        ,
        0.        ,  0.        ,  0.        ,  0.        ,  0.00815071,
        0.        ,  0.        ,  0.        ,  0.        ,  0.        ,
        0.        ,  0.        ,  0.        ,  0.        ,  0.        ,
        0.        ,  0.        ,  0.        ,  0.        ,  0.        ,
        0.        ,  0.        ,  0.        ,  0.        ,  0.        ,
        0.        ,  0.        ,  0.        ,  0.        ,  0.        ,
        0.        ,  0.        ,  0.        ,  0.        ,  0.        ,
        0.        ,  0.        ,  0.        ,  0.        ,  0.        ,
        0.        ,  0.        ,  0.        ,  0.        ,  0.        ,
        0.        ,  0.        ,  0.        ,  0.        ,  0.        ,
        0.        ,  0.        ,  0.        ,  0.        ,  0.00268392,
        0.        ,  0.        ,  0.        ,  0.        ,  0.        ,
        0.00626367,  0.        ,  0.        ,  0.        ,  0.        ,
        0.01397454,  0.        ])
21:01:28 | INFO     | np.sum(w_aug) = np.float64(192.0)
21:01:28 | INFO     | np.sum(self.kernelWeights) = np.float64(0.9999999999999999)
21:01:28 | INFO     | phi = array([ 0.        ,  0.        , -0.22368956,  0.        ,  0.        ,
        0.        ,  0.        ,  0.        ,  0.        ,  0.        ,
        0.        ,  0.        ,  0.        ,  0.        ,  0.        ,
        0.        ,  0.        ,  0.        ,  0.        ,  0.        ,
        0.        ,  0.        ,  0.        ,  0.        ,  0.        ,
        0.        ,  0.        ,  0.        ,  0.        ,  0.        ,
        0.        ,  0.        ,  0.        ,  0.        ,  0.        ,
        0.        ,  0.        ,  0.        ,  0.        ,  0.        ,
        0.        ,  0.        ,  0.        ,  0.        ,  0.        ,
        0.        ,  0.        ,  0.        ,  0.        ,  0.        ,
        0.        ,  0.        ,  0.        ,  0.        ,  0.        ,
        0.        ,  0.        ,  0.        ,  0.        ,  0.        ,
        0.        ,  0.        ,  0.        ,  0.        , -0.12408313,
        0.        ,  0.        ,  0.        ,  0.        ,  0.        ,
        0.        ,  0.        ,  0.        ,  0.        ,  0.        ,
        0.        ,  0.        ,  0.        ,  0.        ,  0.        ,
        0.        ,  0.        ,  0.        ,  0.        ,  0.        ,
       -0.01376198,  0.        ,  0.        ,  0.        ,  0.        ,
        0.        ,  0.        ,  0.        ,  0.        ,  0.        ,
        0.        ,  0.        ,  0.        ,  0.        ,  0.        ,
        0.        ,  0.        ,  0.        ,  0.        ,  0.        ,
        0.        ,  0.        ,  0.        ,  0.        ,  0.        ,
       -0.00712281,  0.        ,  0.        ,  0.        ,  0.        ,
        0.00127889,  0.        ,  0.        ,  0.        ,  0.        ,
        0.        ,  0.        ,  0.        ,  0.        ,  0.        ,
        0.        ,  0.        ,  0.        ,  0.        , -0.00815073,
        0.        ,  0.        ,  0.        ,  0.        ,  0.        ,
        0.        ,  0.        ,  0.        ,  0.        ,  0.        ,
        0.        ,  0.        ,  0.        ,  0.        ,  0.        ,
        0.        ,  0.        ,  0.        ,  0.        ,  0.        ,
        0.        ,  0.        ,  0.        ,  0.        ,  0.        ,
        0.        ,  0.        ,  0.        ,  0.        ,  0.        ,
        0.        ,  0.        ,  0.        ,  0.        ,  0.        ,
        0.        ,  0.        ,  0.        ,  0.        ,  0.        ,
        0.        ,  0.        ,  0.        ,  0.        ,  0.        ,
        0.        ,  0.        ,  0.        ,  0.        , -0.00268393,
        0.        ,  0.        ,  0.        ,  0.        ,  0.        ,
       -0.00626369,  0.        ,  0.        ,  0.        ,  0.        ,
       -0.01397457,  0.        ])
21:01:28 | INFO     | num_full_subsets = 0
21:01:28 | INFO     | remaining_weight_vector = array([0.1720551 , 0.08648033, 0.0579586 , 0.04370017, 0.03514709,
       0.02944671, 0.02537647, 0.02232508, 0.01995296, 0.01805633,
       0.01650554, 0.01521413, 0.01412227, 0.01318721, 0.0123776 ,
       0.01166993, 0.01104623, 0.0104925 , 0.00999773, 0.00955306,
       0.00915136, 0.00878677, 0.00845447, 0.00815043, 0.00787126,
       0.00761412, 0.00737655, 0.00715647, 0.00695209, 0.00676184,
       0.00658436, 0.00641846, 0.00626311, 0.00611737, 0.00598044,
       0.00585159, 0.00573017, 0.00561561, 0.00550738, 0.00540502,
       0.00530811, 0.00521627, 0.00512916, 0.00504646, 0.00496788,
       0.00489317, 0.00482209, 0.00475442, 0.00468996, 0.00462852,
       0.00456995, 0.00451408, 0.00446077, 0.00440989, 0.00436132,
       0.00431493, 0.00427063, 0.00422832, 0.00418791, 0.00414931,
       0.00411244, 0.00407724, 0.00404362, 0.00401154, 0.00398092,
       0.00395172, 0.00392388, 0.00389736, 0.0038721 , 0.00384807,
       0.00382523, 0.00380353, 0.00378295, 0.00376346, 0.00374502,
       0.0037276 , 0.00371118, 0.00369574, 0.00368125, 0.00366769,
       0.00365505, 0.0036433 , 0.00363242, 0.00362241, 0.00361325,
       0.00360493, 0.00359743, 0.00359075, 0.00358487, 0.0035798 ,
       0.00357551, 0.00357201, 0.0035693 , 0.00356736, 0.0035662 ,
       0.00356581])
21:01:28 | INFO     | num_paired_subset_sizes = 95
21:01:28 | INFO     | weight_left = np.float64(1.0)
21:02:08 | INFO     | np.sum(w_aug) = np.float64(192.0)
21:02:08 | INFO     | np.sum(self.kernelWeights) = np.float64(0.9999999999999999)
21:02:08 | INFO     | phi = array([ 0.        ,  0.        , -0.02685979,  0.0025248 , -0.04256121,
        0.        ,  0.        ,  0.07330156,  0.        ,  0.        ,
        0.        ,  0.        ,  0.        ,  0.        ,  0.        ,
        0.        ,  0.        ,  0.        ,  0.        ,  0.        ,
        0.        ,  0.        ,  0.        ,  0.        ,  0.        ,
        0.        ,  0.        ,  0.        ,  0.        ,  0.        ,
        0.        ,  0.        ,  0.        ,  0.        ,  0.        ,
        0.        ,  0.        ,  0.        ,  0.        ,  0.        ,
        0.        ,  0.        ,  0.        ,  0.        ,  0.        ,
        0.        ,  0.        ,  0.        ,  0.        ,  0.        ,
        0.        ,  0.        ,  0.        ,  0.        ,  0.        ,
        0.        ,  0.        ,  0.        ,  0.        ,  0.        ,
        0.        ,  0.        ,  0.        ,  0.        , -0.02846564,
        0.        ,  0.        ,  0.        , -0.00665525, -0.03112354,
       -0.04796718,  0.        ,  0.        ,  0.        ,  0.        ,
        0.        ,  0.        ,  0.        ,  0.        ,  0.        ,
        0.        ,  0.        ,  0.        ,  0.        ,  0.        ,
        0.        ,  0.        ,  0.        ,  0.        ,  0.        ,
        0.        ,  0.        ,  0.        ,  0.        ,  0.        ,
        0.        ,  0.        ,  0.        ,  0.        ,  0.        ,
        0.        ,  0.        ,  0.        ,  0.        ,  0.        ,
        0.        ,  0.        ,  0.        ,  0.        ,  0.        ,
        0.        , -0.00555693,  0.        ,  0.        ,  0.        ,
        0.        ,  0.        ,  0.        ,  0.        ,  0.        ,
        0.        ,  0.        ,  0.        ,  0.        ,  0.        ,
        0.        ,  0.        ,  0.        ,  0.        ,  0.        ,
        0.        ,  0.        ,  0.        ,  0.        ,  0.        ,
        0.        ,  0.        ,  0.        ,  0.        ,  0.        ,
        0.        ,  0.        ,  0.        ,  0.        ,  0.        ,
        0.        ,  0.        ,  0.        ,  0.        ,  0.        ,
        0.        ,  0.        ,  0.        ,  0.        ,  0.        ,
        0.        ,  0.        ,  0.        ,  0.        ,  0.        ,
        0.        ,  0.        , -0.01165832,  0.        ,  0.        ,
        0.        ,  0.        ,  0.        ,  0.        ,  0.        ,
        0.        ,  0.        ,  0.        ,  0.        ,  0.        ,
        0.        ,  0.        ,  0.        ,  0.        ,  0.        ,
        0.        ,  0.        ,  0.        ,  0.        ,  0.        ,
        0.        ,  0.        ,  0.        ,  0.        ,  0.        ,
        0.        ,  0.        ])
21:02:08 | INFO     | np.sum(w_aug) = np.float64(192.0)
21:02:08 | INFO     | np.sum(self.kernelWeights) = np.float64(0.9999999999999999)
21:02:08 | INFO     | phi = array([ 0.        ,  0.        ,  0.0268598 , -0.00252479,  0.04256119,
        0.        ,  0.        , -0.07330157,  0.        ,  0.        ,
        0.        ,  0.        ,  0.        ,  0.        ,  0.        ,
        0.        ,  0.        ,  0.        ,  0.        ,  0.        ,
        0.        ,  0.        ,  0.        ,  0.        ,  0.        ,
        0.        ,  0.        ,  0.        ,  0.        ,  0.        ,
        0.        ,  0.        ,  0.        ,  0.        ,  0.        ,
        0.        ,  0.        ,  0.        ,  0.        ,  0.        ,
        0.        ,  0.        ,  0.        ,  0.        ,  0.        ,
        0.        ,  0.        ,  0.        ,  0.        ,  0.        ,
        0.        ,  0.        ,  0.        ,  0.        ,  0.        ,
        0.        ,  0.        ,  0.        ,  0.        ,  0.        ,
        0.        ,  0.        ,  0.        ,  0.        ,  0.02846563,
        0.        ,  0.        ,  0.        ,  0.00665523,  0.03112355,
        0.04796717,  0.        ,  0.        ,  0.        ,  0.        ,
        0.        ,  0.        ,  0.        ,  0.        ,  0.        ,
        0.        ,  0.        ,  0.        ,  0.        ,  0.        ,
        0.        ,  0.        ,  0.        ,  0.        ,  0.        ,
        0.        ,  0.        ,  0.        ,  0.        ,  0.        ,
        0.        ,  0.        ,  0.        ,  0.        ,  0.        ,
        0.        ,  0.        ,  0.        ,  0.        ,  0.        ,
        0.        ,  0.        ,  0.        ,  0.        ,  0.        ,
        0.        ,  0.00555693,  0.        ,  0.        ,  0.        ,
        0.        ,  0.        ,  0.        ,  0.        ,  0.        ,
        0.        ,  0.        ,  0.        ,  0.        ,  0.        ,
        0.        ,  0.        ,  0.        ,  0.        ,  0.        ,
        0.        ,  0.        ,  0.        ,  0.        ,  0.        ,
        0.        ,  0.        ,  0.        ,  0.        ,  0.        ,
        0.        ,  0.        ,  0.        ,  0.        ,  0.        ,
        0.        ,  0.        ,  0.        ,  0.        ,  0.        ,
        0.        ,  0.        ,  0.        ,  0.        ,  0.        ,
        0.        ,  0.        ,  0.        ,  0.        ,  0.        ,
        0.        ,  0.        ,  0.01165833,  0.        ,  0.        ,
        0.        ,  0.        ,  0.        ,  0.        ,  0.        ,
        0.        ,  0.        ,  0.        ,  0.        ,  0.        ,
        0.        ,  0.        ,  0.        ,  0.        ,  0.        ,
        0.        ,  0.        ,  0.        ,  0.        ,  0.        ,
        0.        ,  0.        ,  0.        ,  0.        ,  0.        ,
        0.        ,  0.        ])
21:02:08 | INFO     | num_full_subsets = 0
21:02:08 | INFO     | remaining_weight_vector = array([0.1720551 , 0.08648033, 0.0579586 , 0.04370017, 0.03514709,
       0.02944671, 0.02537647, 0.02232508, 0.01995296, 0.01805633,
       0.01650554, 0.01521413, 0.01412227, 0.01318721, 0.0123776 ,
       0.01166993, 0.01104623, 0.0104925 , 0.00999773, 0.00955306,
       0.00915136, 0.00878677, 0.00845447, 0.00815043, 0.00787126,
       0.00761412, 0.00737655, 0.00715647, 0.00695209, 0.00676184,
       0.00658436, 0.00641846, 0.00626311, 0.00611737, 0.00598044,
       0.00585159, 0.00573017, 0.00561561, 0.00550738, 0.00540502,
       0.00530811, 0.00521627, 0.00512916, 0.00504646, 0.00496788,
       0.00489317, 0.00482209, 0.00475442, 0.00468996, 0.00462852,
       0.00456995, 0.00451408, 0.00446077, 0.00440989, 0.00436132,
       0.00431493, 0.00427063, 0.00422832, 0.00418791, 0.00414931,
       0.00411244, 0.00407724, 0.00404362, 0.00401154, 0.00398092,
       0.00395172, 0.00392388, 0.00389736, 0.0038721 , 0.00384807,
       0.00382523, 0.00380353, 0.00378295, 0.00376346, 0.00374502,
       0.0037276 , 0.00371118, 0.00369574, 0.00368125, 0.00366769,
       0.00365505, 0.0036433 , 0.00363242, 0.00362241, 0.00361325,
       0.00360493, 0.00359743, 0.00359075, 0.00358487, 0.0035798 ,
       0.00357551, 0.00357201, 0.0035693 , 0.00356736, 0.0035662 ,
       0.00356581])
21:02:08 | INFO     | num_paired_subset_sizes = 95
21:02:08 | INFO     | weight_left = np.float64(1.0)
21:02:49 | INFO     | np.sum(w_aug) = np.float64(192.0)
21:02:49 | INFO     | np.sum(self.kernelWeights) = np.float64(0.9999999999999999)
21:02:49 | INFO     | phi = array([ 0.        ,  0.        ,  0.        ,  0.        , -0.01957229,
        0.        ,  0.        ,  0.        ,  0.        ,  0.        ,
        0.        ,  0.        ,  0.        ,  0.        ,  0.        ,
        0.        ,  0.        ,  0.        ,  0.        ,  0.        ,
        0.        ,  0.        ,  0.        ,  0.        ,  0.        ,
        0.        ,  0.        ,  0.        ,  0.        ,  0.        ,
        0.        ,  0.        ,  0.        ,  0.        ,  0.        ,
        0.        ,  0.        ,  0.        ,  0.        ,  0.        ,
        0.        ,  0.        ,  0.        ,  0.        ,  0.        ,
        0.        ,  0.        ,  0.        ,  0.        ,  0.        ,
        0.        ,  0.        ,  0.        ,  0.        ,  0.        ,
        0.        ,  0.        ,  0.        ,  0.        ,  0.        ,
        0.        ,  0.        ,  0.00642262,  0.        , -0.0267705 ,
        0.        ,  0.0276043 ,  0.05891459,  0.        ,  0.00692192,
        0.        ,  0.        ,  0.        ,  0.01013771,  0.        ,
        0.        ,  0.        ,  0.        ,  0.        ,  0.        ,
        0.        ,  0.        ,  0.02575372,  0.        ,  0.        ,
        0.        ,  0.        ,  0.        ,  0.        ,  0.        ,
        0.        ,  0.        ,  0.        ,  0.        ,  0.        ,
        0.        ,  0.        ,  0.        ,  0.        ,  0.        ,
        0.        ,  0.        ,  0.        ,  0.        ,  0.        ,
        0.        ,  0.        ,  0.        ,  0.        ,  0.        ,
        0.        ,  0.        ,  0.        ,  0.        ,  0.        ,
        0.        ,  0.        ,  0.        ,  0.        ,  0.        ,
        0.        ,  0.        ,  0.        ,  0.        ,  0.        ,
        0.        ,  0.        ,  0.        ,  0.        ,  0.        ,
        0.        ,  0.        ,  0.        ,  0.        ,  0.        ,
        0.        ,  0.        ,  0.        ,  0.        ,  0.        ,
        0.        ,  0.        ,  0.        ,  0.        ,  0.        ,
        0.        ,  0.        ,  0.        ,  0.        ,  0.        ,
        0.        ,  0.        ,  0.        ,  0.        ,  0.        ,
        0.        ,  0.        ,  0.01856005,  0.        ,  0.        ,
        0.        ,  0.        ,  0.        , -0.00846226,  0.        ,
        0.        ,  0.        ,  0.        ,  0.        ,  0.        ,
        0.        ,  0.        ,  0.        ,  0.        ,  0.        ,
        0.        ,  0.        ,  0.        ,  0.        ,  0.        ,
        0.        ,  0.        ,  0.        ,  0.        ,  0.        ,
        0.        ,  0.        ,  0.        ,  0.        ,  0.        ,
        0.        ,  0.        ])
21:02:49 | INFO     | np.sum(w_aug) = np.float64(192.0)
21:02:49 | INFO     | np.sum(self.kernelWeights) = np.float64(0.9999999999999999)
21:02:49 | INFO     | phi = array([ 0.        ,  0.        ,  0.        ,  0.        ,  0.01957229,
        0.        ,  0.        ,  0.        ,  0.        ,  0.        ,
        0.        ,  0.        ,  0.        ,  0.        ,  0.        ,
        0.        ,  0.        ,  0.        ,  0.        ,  0.        ,
        0.        ,  0.        ,  0.        ,  0.        ,  0.        ,
        0.        ,  0.        ,  0.        ,  0.        ,  0.        ,
        0.        ,  0.        ,  0.        ,  0.        ,  0.        ,
        0.        ,  0.        ,  0.        ,  0.        ,  0.        ,
        0.        ,  0.        ,  0.        ,  0.        ,  0.        ,
        0.        ,  0.        ,  0.        ,  0.        ,  0.        ,
        0.        ,  0.        ,  0.        ,  0.        ,  0.        ,
        0.        ,  0.        ,  0.        ,  0.        ,  0.        ,
        0.        ,  0.        , -0.0064226 ,  0.        ,  0.02677049,
        0.        , -0.0276043 , -0.05891462,  0.        , -0.00692194,
        0.        ,  0.        ,  0.        , -0.01013771,  0.        ,
        0.        ,  0.        ,  0.        ,  0.        ,  0.        ,
        0.        ,  0.        , -0.02575373,  0.        ,  0.        ,
        0.        ,  0.        ,  0.        ,  0.        ,  0.        ,
        0.        ,  0.        ,  0.        ,  0.        ,  0.        ,
        0.        ,  0.        ,  0.        ,  0.        ,  0.        ,
        0.        ,  0.        ,  0.        ,  0.        ,  0.        ,
        0.        ,  0.        ,  0.        ,  0.        ,  0.        ,
        0.        ,  0.        ,  0.        ,  0.        ,  0.        ,
        0.        ,  0.        ,  0.        ,  0.        ,  0.        ,
        0.        ,  0.        ,  0.        ,  0.        ,  0.        ,
        0.        ,  0.        ,  0.        ,  0.        ,  0.        ,
        0.        ,  0.        ,  0.        ,  0.        ,  0.        ,
        0.        ,  0.        ,  0.        ,  0.        ,  0.        ,
        0.        ,  0.        ,  0.        ,  0.        ,  0.        ,
        0.        ,  0.        ,  0.        ,  0.        ,  0.        ,
        0.        ,  0.        ,  0.        ,  0.        ,  0.        ,
        0.        ,  0.        , -0.01856004,  0.        ,  0.        ,
        0.        ,  0.        ,  0.        ,  0.00846226,  0.        ,
        0.        ,  0.        ,  0.        ,  0.        ,  0.        ,
        0.        ,  0.        ,  0.        ,  0.        ,  0.        ,
        0.        ,  0.        ,  0.        ,  0.        ,  0.        ,
        0.        ,  0.        ,  0.        ,  0.        ,  0.        ,
        0.        ,  0.        ,  0.        ,  0.        ,  0.        ,
        0.        ,  0.        ])
21:02:49 | INFO     | num_full_subsets = 0
21:02:49 | INFO     | remaining_weight_vector = array([0.1720551 , 0.08648033, 0.0579586 , 0.04370017, 0.03514709,
       0.02944671, 0.02537647, 0.02232508, 0.01995296, 0.01805633,
       0.01650554, 0.01521413, 0.01412227, 0.01318721, 0.0123776 ,
       0.01166993, 0.01104623, 0.0104925 , 0.00999773, 0.00955306,
       0.00915136, 0.00878677, 0.00845447, 0.00815043, 0.00787126,
       0.00761412, 0.00737655, 0.00715647, 0.00695209, 0.00676184,
       0.00658436, 0.00641846, 0.00626311, 0.00611737, 0.00598044,
       0.00585159, 0.00573017, 0.00561561, 0.00550738, 0.00540502,
       0.00530811, 0.00521627, 0.00512916, 0.00504646, 0.00496788,
       0.00489317, 0.00482209, 0.00475442, 0.00468996, 0.00462852,
       0.00456995, 0.00451408, 0.00446077, 0.00440989, 0.00436132,
       0.00431493, 0.00427063, 0.00422832, 0.00418791, 0.00414931,
       0.00411244, 0.00407724, 0.00404362, 0.00401154, 0.00398092,
       0.00395172, 0.00392388, 0.00389736, 0.0038721 , 0.00384807,
       0.00382523, 0.00380353, 0.00378295, 0.00376346, 0.00374502,
       0.0037276 , 0.00371118, 0.00369574, 0.00368125, 0.00366769,
       0.00365505, 0.0036433 , 0.00363242, 0.00362241, 0.00361325,
       0.00360493, 0.00359743, 0.00359075, 0.00358487, 0.0035798 ,
       0.00357551, 0.00357201, 0.0035693 , 0.00356736, 0.0035662 ,
       0.00356581])
21:02:49 | INFO     | num_paired_subset_sizes = 95
21:02:49 | INFO     | weight_left = np.float64(1.0)
21:03:30 | INFO     | np.sum(w_aug) = np.float64(192.0)
21:03:30 | INFO     | np.sum(self.kernelWeights) = np.float64(0.9999999999999999)
21:03:30 | INFO     | phi = array([ 0.        ,  0.05302393,  0.        ,  0.        ,  0.01808318,
        0.        ,  0.        ,  0.        ,  0.        ,  0.        ,
        0.        ,  0.01408277,  0.        ,  0.        ,  0.01123538,
        0.        ,  0.        ,  0.        ,  0.        ,  0.        ,
        0.        ,  0.        ,  0.        ,  0.        ,  0.        ,
        0.        ,  0.        ,  0.        , -0.00062359,  0.        ,
        0.        ,  0.        ,  0.        ,  0.        ,  0.        ,
        0.        ,  0.        ,  0.        ,  0.        ,  0.        ,
        0.        ,  0.        ,  0.        ,  0.        ,  0.        ,
        0.        ,  0.        ,  0.01472643,  0.        ,  0.        ,
        0.        ,  0.        ,  0.        ,  0.        ,  0.        ,
        0.        ,  0.        ,  0.        ,  0.        ,  0.        ,
        0.        ,  0.        ,  0.        ,  0.        ,  0.        ,
        0.        ,  0.        ,  0.        ,  0.02027537,  0.        ,
        0.03127479,  0.        ,  0.        ,  0.        ,  0.        ,
        0.        ,  0.        ,  0.        ,  0.        ,  0.        ,
        0.        ,  0.        ,  0.        ,  0.        ,  0.        ,
        0.        ,  0.        ,  0.        ,  0.        ,  0.        ,
        0.        ,  0.        ,  0.        ,  0.        ,  0.03471793,
        0.        ,  0.        ,  0.        ,  0.        ,  0.        ,
        0.        ,  0.        ,  0.        ,  0.        ,  0.        ,
        0.        ,  0.        ,  0.        ,  0.        ,  0.        ,
        0.        ,  0.        ,  0.        ,  0.        ,  0.        ,
        0.        ,  0.        ,  0.        ,  0.        ,  0.        ,
        0.        ,  0.        ,  0.        ,  0.        ,  0.        ,
        0.        ,  0.        ,  0.        ,  0.        ,  0.        ,
        0.        ,  0.        ,  0.        ,  0.        ,  0.        ,
        0.        ,  0.        ,  0.02548221,  0.        ,  0.        ,
        0.        ,  0.        ,  0.        ,  0.        ,  0.        ,
        0.        ,  0.        ,  0.        ,  0.        ,  0.        ,
        0.        ,  0.        ,  0.        ,  0.        ,  0.        ,
        0.        ,  0.        ,  0.        ,  0.        ,  0.        ,
        0.        ,  0.        ,  0.        ,  0.        ,  0.        ,
        0.        ,  0.        ,  0.        ,  0.        ,  0.        ,
        0.        ,  0.        ,  0.        ,  0.        ,  0.        ,
        0.        ,  0.        ,  0.        ,  0.        ,  0.        ,
        0.        ,  0.        ,  0.        ,  0.        ,  0.        ,
        0.        ,  0.        ,  0.        ,  0.        ,  0.        ,
        0.        ,  0.        ])
21:03:30 | INFO     | np.sum(w_aug) = np.float64(192.0)
21:03:30 | INFO     | np.sum(self.kernelWeights) = np.float64(0.9999999999999999)
21:03:30 | INFO     | phi = array([ 0.        , -0.05302392,  0.        ,  0.        , -0.01808316,
        0.        ,  0.        ,  0.        ,  0.        ,  0.        ,
        0.        , -0.01408278,  0.        ,  0.        , -0.0112354 ,
        0.        ,  0.        ,  0.        ,  0.        ,  0.        ,
        0.        ,  0.        ,  0.        ,  0.        ,  0.        ,
        0.        ,  0.        ,  0.        ,  0.00062359,  0.        ,
        0.        ,  0.        ,  0.        ,  0.        ,  0.        ,
        0.        ,  0.        ,  0.        ,  0.        ,  0.        ,
        0.        ,  0.        ,  0.        ,  0.        ,  0.        ,
        0.        ,  0.        , -0.01472644,  0.        ,  0.        ,
        0.        ,  0.        ,  0.        ,  0.        ,  0.        ,
        0.        ,  0.        ,  0.        ,  0.        ,  0.        ,
        0.        ,  0.        ,  0.        ,  0.        ,  0.        ,
        0.        ,  0.        ,  0.        , -0.02027536,  0.        ,
       -0.03127477,  0.        ,  0.        ,  0.        ,  0.        ,
        0.        ,  0.        ,  0.        ,  0.        ,  0.        ,
        0.        ,  0.        ,  0.        ,  0.        ,  0.        ,
        0.        ,  0.        ,  0.        ,  0.        ,  0.        ,
        0.        ,  0.        ,  0.        ,  0.        , -0.03471793,
        0.        ,  0.        ,  0.        ,  0.        ,  0.        ,
        0.        ,  0.        ,  0.        ,  0.        ,  0.        ,
        0.        ,  0.        ,  0.        ,  0.        ,  0.        ,
        0.        ,  0.        ,  0.        ,  0.        ,  0.        ,
        0.        ,  0.        ,  0.        ,  0.        ,  0.        ,
        0.        ,  0.        ,  0.        ,  0.        ,  0.        ,
        0.        ,  0.        ,  0.        ,  0.        ,  0.        ,
        0.        ,  0.        ,  0.        ,  0.        ,  0.        ,
        0.        ,  0.        , -0.02548222,  0.        ,  0.        ,
        0.        ,  0.        ,  0.        ,  0.        ,  0.        ,
        0.        ,  0.        ,  0.        ,  0.        ,  0.        ,
        0.        ,  0.        ,  0.        ,  0.        ,  0.        ,
        0.        ,  0.        ,  0.        ,  0.        ,  0.        ,
        0.        ,  0.        ,  0.        ,  0.        ,  0.        ,
        0.        ,  0.        ,  0.        ,  0.        ,  0.        ,
        0.        ,  0.        ,  0.        ,  0.        ,  0.        ,
        0.        ,  0.        ,  0.        ,  0.        ,  0.        ,
        0.        ,  0.        ,  0.        ,  0.        ,  0.        ,
        0.        ,  0.        ,  0.        ,  0.        ,  0.        ,
        0.        ,  0.        ])
21:03:30 | INFO     | num_full_subsets = 0
21:03:30 | INFO     | remaining_weight_vector = array([0.1720551 , 0.08648033, 0.0579586 , 0.04370017, 0.03514709,
       0.02944671, 0.02537647, 0.02232508, 0.01995296, 0.01805633,
       0.01650554, 0.01521413, 0.01412227, 0.01318721, 0.0123776 ,
       0.01166993, 0.01104623, 0.0104925 , 0.00999773, 0.00955306,
       0.00915136, 0.00878677, 0.00845447, 0.00815043, 0.00787126,
       0.00761412, 0.00737655, 0.00715647, 0.00695209, 0.00676184,
       0.00658436, 0.00641846, 0.00626311, 0.00611737, 0.00598044,
       0.00585159, 0.00573017, 0.00561561, 0.00550738, 0.00540502,
       0.00530811, 0.00521627, 0.00512916, 0.00504646, 0.00496788,
       0.00489317, 0.00482209, 0.00475442, 0.00468996, 0.00462852,
       0.00456995, 0.00451408, 0.00446077, 0.00440989, 0.00436132,
       0.00431493, 0.00427063, 0.00422832, 0.00418791, 0.00414931,
       0.00411244, 0.00407724, 0.00404362, 0.00401154, 0.00398092,
       0.00395172, 0.00392388, 0.00389736, 0.0038721 , 0.00384807,
       0.00382523, 0.00380353, 0.00378295, 0.00376346, 0.00374502,
       0.0037276 , 0.00371118, 0.00369574, 0.00368125, 0.00366769,
       0.00365505, 0.0036433 , 0.00363242, 0.00362241, 0.00361325,
       0.00360493, 0.00359743, 0.00359075, 0.00358487, 0.0035798 ,
       0.00357551, 0.00357201, 0.0035693 , 0.00356736, 0.0035662 ,
       0.00356581])
21:03:30 | INFO     | num_paired_subset_sizes = 95
21:03:30 | INFO     | weight_left = np.float64(1.0)
21:04:10 | INFO     | np.sum(w_aug) = np.float64(192.0)
21:04:10 | INFO     | np.sum(self.kernelWeights) = np.float64(0.9999999999999999)
21:04:10 | INFO     | phi = array([ 0.        ,  0.        ,  0.17964046,  0.        ,  0.        ,
        0.        ,  0.        ,  0.        ,  0.        ,  0.        ,
        0.        ,  0.        ,  0.        ,  0.        ,  0.        ,
        0.        ,  0.        ,  0.        ,  0.        ,  0.        ,
        0.        ,  0.        ,  0.        ,  0.        ,  0.        ,
        0.        ,  0.        ,  0.00979483,  0.        ,  0.        ,
        0.0133347 ,  0.        ,  0.        ,  0.        ,  0.        ,
        0.        ,  0.        ,  0.        ,  0.        ,  0.        ,
        0.        ,  0.        ,  0.        ,  0.        ,  0.        ,
        0.        ,  0.        ,  0.        ,  0.        ,  0.        ,
        0.        ,  0.        ,  0.        ,  0.        ,  0.        ,
        0.        ,  0.        ,  0.        ,  0.        ,  0.        ,
        0.        ,  0.        ,  0.        ,  0.        ,  0.06938865,
        0.        ,  0.        ,  0.        ,  0.        ,  0.        ,
        0.        ,  0.        ,  0.        ,  0.0559838 ,  0.        ,
        0.        ,  0.        ,  0.        ,  0.        ,  0.        ,
        0.        ,  0.        ,  0.        ,  0.        ,  0.        ,
        0.        ,  0.        ,  0.        ,  0.        ,  0.        ,
        0.        ,  0.        ,  0.        ,  0.        ,  0.        ,
        0.        ,  0.02085206,  0.        ,  0.        ,  0.        ,
        0.        ,  0.        ,  0.        ,  0.        ,  0.        ,
        0.        ,  0.        ,  0.        ,  0.        ,  0.        ,
        0.        ,  0.        ,  0.        ,  0.        ,  0.        ,
        0.        , -0.00498785,  0.        ,  0.        ,  0.        ,
        0.        ,  0.        ,  0.        ,  0.        ,  0.        ,
        0.        ,  0.        ,  0.        ,  0.03026222,  0.        ,
        0.        ,  0.        ,  0.        ,  0.        ,  0.        ,
        0.        ,  0.        ,  0.        ,  0.        ,  0.        ,
        0.        ,  0.        ,  0.        ,  0.        ,  0.        ,
        0.        ,  0.        ,  0.        ,  0.        ,  0.        ,
        0.        ,  0.        ,  0.        ,  0.        ,  0.        ,
        0.        ,  0.        ,  0.        ,  0.        ,  0.        ,
        0.        ,  0.        ,  0.        ,  0.        ,  0.        ,
        0.        ,  0.        ,  0.        ,  0.        ,  0.        ,
        0.        ,  0.        ,  0.        ,  0.        ,  0.        ,
        0.        ,  0.        ,  0.        ,  0.        ,  0.        ,
        0.        ,  0.        ,  0.        ,  0.        ,  0.        ,
        0.        ,  0.        ,  0.        ,  0.        ,  0.        ,
        0.        ,  0.        ])
21:04:10 | INFO     | np.sum(w_aug) = np.float64(192.0)
21:04:10 | INFO     | np.sum(self.kernelWeights) = np.float64(0.9999999999999999)
21:04:10 | INFO     | phi = array([ 0.        ,  0.        , -0.17964043,  0.        ,  0.        ,
        0.        ,  0.        ,  0.        ,  0.        ,  0.        ,
        0.        ,  0.        ,  0.        ,  0.        ,  0.        ,
        0.        ,  0.        ,  0.        ,  0.        ,  0.        ,
        0.        ,  0.        ,  0.        ,  0.        ,  0.        ,
        0.        ,  0.        , -0.00979483,  0.        ,  0.        ,
       -0.01333471,  0.        ,  0.        ,  0.        ,  0.        ,
        0.        ,  0.        ,  0.        ,  0.        ,  0.        ,
        0.        ,  0.        ,  0.        ,  0.        ,  0.        ,
        0.        ,  0.        ,  0.        ,  0.        ,  0.        ,
        0.        ,  0.        ,  0.        ,  0.        ,  0.        ,
        0.        ,  0.        ,  0.        ,  0.        ,  0.        ,
        0.        ,  0.        ,  0.        ,  0.        , -0.06938863,
        0.        ,  0.        ,  0.        ,  0.        ,  0.        ,
        0.        ,  0.        ,  0.        , -0.05598382,  0.        ,
        0.        ,  0.        ,  0.        ,  0.        ,  0.        ,
        0.        ,  0.        ,  0.        ,  0.        ,  0.        ,
        0.        ,  0.        ,  0.        ,  0.        ,  0.        ,
        0.        ,  0.        ,  0.        ,  0.        ,  0.        ,
        0.        , -0.02085208,  0.        ,  0.        ,  0.        ,
        0.        ,  0.        ,  0.        ,  0.        ,  0.        ,
        0.        ,  0.        ,  0.        ,  0.        ,  0.        ,
        0.        ,  0.        ,  0.        ,  0.        ,  0.        ,
        0.        ,  0.00498785,  0.        ,  0.        ,  0.        ,
        0.        ,  0.        ,  0.        ,  0.        ,  0.        ,
        0.        ,  0.        ,  0.        , -0.03026223,  0.        ,
        0.        ,  0.        ,  0.        ,  0.        ,  0.        ,
        0.        ,  0.        ,  0.        ,  0.        ,  0.        ,
        0.        ,  0.        ,  0.        ,  0.        ,  0.        ,
        0.        ,  0.        ,  0.        ,  0.        ,  0.        ,
        0.        ,  0.        ,  0.        ,  0.        ,  0.        ,
        0.        ,  0.        ,  0.        ,  0.        ,  0.        ,
        0.        ,  0.        ,  0.        ,  0.        ,  0.        ,
        0.        ,  0.        ,  0.        ,  0.        ,  0.        ,
        0.        ,  0.        ,  0.        ,  0.        ,  0.        ,
        0.        ,  0.        ,  0.        ,  0.        ,  0.        ,
        0.        ,  0.        ,  0.        ,  0.        ,  0.        ,
        0.        ,  0.        ,  0.        ,  0.        ,  0.        ,
        0.        ,  0.        ])
21:04:10 | INFO     | num_full_subsets = 0
21:04:10 | INFO     | remaining_weight_vector = array([0.1720551 , 0.08648033, 0.0579586 , 0.04370017, 0.03514709,
       0.02944671, 0.02537647, 0.02232508, 0.01995296, 0.01805633,
       0.01650554, 0.01521413, 0.01412227, 0.01318721, 0.0123776 ,
       0.01166993, 0.01104623, 0.0104925 , 0.00999773, 0.00955306,
       0.00915136, 0.00878677, 0.00845447, 0.00815043, 0.00787126,
       0.00761412, 0.00737655, 0.00715647, 0.00695209, 0.00676184,
       0.00658436, 0.00641846, 0.00626311, 0.00611737, 0.00598044,
       0.00585159, 0.00573017, 0.00561561, 0.00550738, 0.00540502,
       0.00530811, 0.00521627, 0.00512916, 0.00504646, 0.00496788,
       0.00489317, 0.00482209, 0.00475442, 0.00468996, 0.00462852,
       0.00456995, 0.00451408, 0.00446077, 0.00440989, 0.00436132,
       0.00431493, 0.00427063, 0.00422832, 0.00418791, 0.00414931,
       0.00411244, 0.00407724, 0.00404362, 0.00401154, 0.00398092,
       0.00395172, 0.00392388, 0.00389736, 0.0038721 , 0.00384807,
       0.00382523, 0.00380353, 0.00378295, 0.00376346, 0.00374502,
       0.0037276 , 0.00371118, 0.00369574, 0.00368125, 0.00366769,
       0.00365505, 0.0036433 , 0.00363242, 0.00362241, 0.00361325,
       0.00360493, 0.00359743, 0.00359075, 0.00358487, 0.0035798 ,
       0.00357551, 0.00357201, 0.0035693 , 0.00356736, 0.0035662 ,
       0.00356581])
21:04:10 | INFO     | num_paired_subset_sizes = 95
21:04:10 | INFO     | weight_left = np.float64(1.0)
21:04:51 | INFO     | np.sum(w_aug) = np.float64(192.0)
21:04:51 | INFO     | np.sum(self.kernelWeights) = np.float64(0.9999999999999999)
21:04:51 | INFO     | phi = array([ 0.        ,  0.        , -0.02195219,  0.        ,  0.        ,
        0.        ,  0.        ,  0.        ,  0.        ,  0.        ,
        0.        ,  0.        ,  0.        ,  0.        ,  0.        ,
        0.        ,  0.        ,  0.        ,  0.        ,  0.        ,
        0.        ,  0.        ,  0.        ,  0.        ,  0.        ,
        0.        ,  0.        ,  0.        ,  0.        ,  0.        ,
        0.        ,  0.        ,  0.        ,  0.        ,  0.        ,
        0.        ,  0.        ,  0.        ,  0.        ,  0.        ,
        0.        ,  0.        ,  0.        ,  0.        ,  0.        ,
        0.        ,  0.        ,  0.        ,  0.        ,  0.        ,
        0.        ,  0.        ,  0.        ,  0.        ,  0.        ,
        0.        ,  0.        ,  0.        ,  0.        ,  0.        ,
        0.01214175,  0.        ,  0.        ,  0.        , -0.05340923,
        0.        , -0.00866466,  0.        ,  0.        ,  0.        ,
        0.        ,  0.        ,  0.        ,  0.        ,  0.        ,
        0.        ,  0.        ,  0.        ,  0.        ,  0.        ,
        0.        ,  0.        ,  0.        ,  0.        ,  0.        ,
        0.        ,  0.        ,  0.        ,  0.        , -0.02424856,
        0.        ,  0.        ,  0.        ,  0.        ,  0.        ,
        0.        ,  0.        ,  0.        ,  0.        ,  0.        ,
        0.        ,  0.        ,  0.        ,  0.        ,  0.        ,
        0.        ,  0.        ,  0.        ,  0.        ,  0.        ,
        0.        ,  0.        ,  0.        ,  0.        ,  0.        ,
        0.        ,  0.        ,  0.        ,  0.        ,  0.        ,
        0.        ,  0.        ,  0.        , -0.00665035,  0.        ,
        0.        ,  0.        ,  0.        ,  0.        ,  0.        ,
        0.        ,  0.        ,  0.        ,  0.        ,  0.        ,
        0.        ,  0.        ,  0.        ,  0.        ,  0.        ,
        0.        ,  0.        ,  0.        ,  0.        ,  0.        ,
        0.        ,  0.        ,  0.        ,  0.        ,  0.        ,
        0.        ,  0.        ,  0.        ,  0.        ,  0.        ,
        0.00361904,  0.        ,  0.        ,  0.        ,  0.        ,
        0.        ,  0.        ,  0.        ,  0.        ,  0.        ,
        0.01444967,  0.        ,  0.        ,  0.        ,  0.        ,
        0.        ,  0.        ,  0.        ,  0.        ,  0.        ,
        0.        ,  0.        ,  0.        ,  0.        ,  0.        ,
        0.00803882,  0.        ,  0.        ,  0.01931412,  0.        ,
        0.        ,  0.        ,  0.        ,  0.        ,  0.        ,
        0.        ,  0.        ])
21:04:51 | INFO     | np.sum(w_aug) = np.float64(192.0)
21:04:51 | INFO     | np.sum(self.kernelWeights) = np.float64(0.9999999999999999)
21:04:51 | INFO     | phi = array([ 0.        ,  0.        ,  0.02195218,  0.        ,  0.        ,
        0.        ,  0.        ,  0.        ,  0.        ,  0.        ,
        0.        ,  0.        ,  0.        ,  0.        ,  0.        ,
        0.        ,  0.        ,  0.        ,  0.        ,  0.        ,
        0.        ,  0.        ,  0.        ,  0.        ,  0.        ,
        0.        ,  0.        ,  0.        ,  0.        ,  0.        ,
        0.        ,  0.        ,  0.        ,  0.        ,  0.        ,
        0.        ,  0.        ,  0.        ,  0.        ,  0.        ,
        0.        ,  0.        ,  0.        ,  0.        ,  0.        ,
        0.        ,  0.        ,  0.        ,  0.        ,  0.        ,
        0.        ,  0.        ,  0.        ,  0.        ,  0.        ,
        0.        ,  0.        ,  0.        ,  0.        ,  0.        ,
       -0.01214175,  0.        ,  0.        ,  0.        ,  0.05340925,
        0.        ,  0.00866466,  0.        ,  0.        ,  0.        ,
        0.        ,  0.        ,  0.        ,  0.        ,  0.        ,
        0.        ,  0.        ,  0.        ,  0.        ,  0.        ,
        0.        ,  0.        ,  0.        ,  0.        ,  0.        ,
        0.        ,  0.        ,  0.        ,  0.        ,  0.02424855,
        0.        ,  0.        ,  0.        ,  0.        ,  0.        ,
        0.        ,  0.        ,  0.        ,  0.        ,  0.        ,
        0.        ,  0.        ,  0.        ,  0.        ,  0.        ,
        0.        ,  0.        ,  0.        ,  0.        ,  0.        ,
        0.        ,  0.        ,  0.        ,  0.        ,  0.        ,
        0.        ,  0.        ,  0.        ,  0.        ,  0.        ,
        0.        ,  0.        ,  0.        ,  0.00665036,  0.        ,
        0.        ,  0.        ,  0.        ,  0.        ,  0.        ,
        0.        ,  0.        ,  0.        ,  0.        ,  0.        ,
        0.        ,  0.        ,  0.        ,  0.        ,  0.        ,
        0.        ,  0.        ,  0.        ,  0.        ,  0.        ,
        0.        ,  0.        ,  0.        ,  0.        ,  0.        ,
        0.        ,  0.        ,  0.        ,  0.        ,  0.        ,
       -0.00361904,  0.        ,  0.        ,  0.        ,  0.        ,
        0.        ,  0.        ,  0.        ,  0.        ,  0.        ,
       -0.01444967,  0.        ,  0.        ,  0.        ,  0.        ,
        0.        ,  0.        ,  0.        ,  0.        ,  0.        ,
        0.        ,  0.        ,  0.        ,  0.        ,  0.        ,
       -0.00803881,  0.        ,  0.        , -0.01931412,  0.        ,
        0.        ,  0.        ,  0.        ,  0.        ,  0.        ,
        0.        ,  0.        ])
21:04:51 | INFO     | num_full_subsets = 0
21:04:51 | INFO     | remaining_weight_vector = array([0.1720551 , 0.08648033, 0.0579586 , 0.04370017, 0.03514709,
       0.02944671, 0.02537647, 0.02232508, 0.01995296, 0.01805633,
       0.01650554, 0.01521413, 0.01412227, 0.01318721, 0.0123776 ,
       0.01166993, 0.01104623, 0.0104925 , 0.00999773, 0.00955306,
       0.00915136, 0.00878677, 0.00845447, 0.00815043, 0.00787126,
       0.00761412, 0.00737655, 0.00715647, 0.00695209, 0.00676184,
       0.00658436, 0.00641846, 0.00626311, 0.00611737, 0.00598044,
       0.00585159, 0.00573017, 0.00561561, 0.00550738, 0.00540502,
       0.00530811, 0.00521627, 0.00512916, 0.00504646, 0.00496788,
       0.00489317, 0.00482209, 0.00475442, 0.00468996, 0.00462852,
       0.00456995, 0.00451408, 0.00446077, 0.00440989, 0.00436132,
       0.00431493, 0.00427063, 0.00422832, 0.00418791, 0.00414931,
       0.00411244, 0.00407724, 0.00404362, 0.00401154, 0.00398092,
       0.00395172, 0.00392388, 0.00389736, 0.0038721 , 0.00384807,
       0.00382523, 0.00380353, 0.00378295, 0.00376346, 0.00374502,
       0.0037276 , 0.00371118, 0.00369574, 0.00368125, 0.00366769,
       0.00365505, 0.0036433 , 0.00363242, 0.00362241, 0.00361325,
       0.00360493, 0.00359743, 0.00359075, 0.00358487, 0.0035798 ,
       0.00357551, 0.00357201, 0.0035693 , 0.00356736, 0.0035662 ,
       0.00356581])
21:04:51 | INFO     | num_paired_subset_sizes = 95
21:04:51 | INFO     | weight_left = np.float64(1.0)
21:05:32 | INFO     | np.sum(w_aug) = np.float64(192.00000000000003)
21:05:32 | INFO     | np.sum(self.kernelWeights) = np.float64(0.9999999999999999)
21:05:32 | INFO     | phi = array([ 0.        , -0.04464688,  0.24079796,  0.        ,  0.        ,
        0.        ,  0.012899  ,  0.        ,  0.01971114,  0.        ,
        0.        ,  0.        ,  0.        ,  0.        ,  0.        ,
        0.        ,  0.        ,  0.        ,  0.        ,  0.        ,
        0.        ,  0.        ,  0.        ,  0.        ,  0.        ,
        0.        ,  0.        ,  0.        ,  0.        ,  0.        ,
        0.        ,  0.        ,  0.        ,  0.        ,  0.        ,
       -0.00257927,  0.        ,  0.        ,  0.        ,  0.        ,
        0.        ,  0.        ,  0.        ,  0.        ,  0.        ,
        0.        ,  0.        ,  0.        ,  0.        ,  0.        ,
        0.        ,  0.        ,  0.        ,  0.        ,  0.        ,
        0.        ,  0.        ,  0.        ,  0.        ,  0.        ,
        0.        ,  0.        ,  0.        ,  0.        ,  0.12877897,
        0.        ,  0.        ,  0.        ,  0.        ,  0.        ,
        0.        ,  0.        ,  0.        ,  0.        ,  0.        ,
        0.        ,  0.        ,  0.        ,  0.        ,  0.        ,
        0.        ,  0.        ,  0.        ,  0.        ,  0.        ,
        0.        ,  0.        ,  0.        ,  0.        ,  0.        ,
        0.        ,  0.        ,  0.        ,  0.        ,  0.        ,
        0.        ,  0.        ,  0.        ,  0.        ,  0.        ,
        0.        ,  0.        ,  0.        ,  0.        ,  0.00181287,
        0.        ,  0.        ,  0.        ,  0.        ,  0.        ,
        0.        ,  0.        ,  0.        ,  0.        ,  0.        ,
        0.        ,  0.02012769,  0.        ,  0.        ,  0.        ,
        0.        ,  0.        ,  0.        ,  0.        ,  0.        ,
        0.        ,  0.        ,  0.        ,  0.        ,  0.        ,
        0.        ,  0.        ,  0.        ,  0.        ,  0.        ,
        0.        ,  0.        ,  0.        ,  0.        ,  0.        ,
        0.        ,  0.        ,  0.        ,  0.        ,  0.        ,
        0.        ,  0.        ,  0.        ,  0.        ,  0.015884  ,
        0.        ,  0.        ,  0.        ,  0.        ,  0.        ,
        0.        ,  0.        ,  0.        ,  0.        ,  0.        ,
        0.        ,  0.        ,  0.        ,  0.        ,  0.        ,
        0.        ,  0.        ,  0.        ,  0.        ,  0.        ,
        0.        ,  0.        ,  0.        ,  0.        ,  0.        ,
        0.        ,  0.        ,  0.        ,  0.        ,  0.        ,
        0.        ,  0.        ,  0.        ,  0.        ,  0.        ,
        0.        ,  0.01132963,  0.        ,  0.        ,  0.        ,
        0.        ,  0.        ])
21:05:32 | INFO     | np.sum(w_aug) = np.float64(192.00000000000003)
21:05:32 | INFO     | np.sum(self.kernelWeights) = np.float64(0.9999999999999999)
21:05:32 | INFO     | phi = array([ 0.        ,  0.04238802, -0.24115975,  0.        ,  0.        ,
        0.        ,  0.91855353,  0.        , -0.02034186,  0.        ,
        0.        ,  0.        ,  0.        ,  0.        ,  0.        ,
        0.        ,  0.        ,  0.        ,  0.        ,  0.        ,
        0.        ,  0.        ,  0.        ,  0.        ,  0.        ,
        0.        ,  0.        ,  0.        ,  0.        ,  0.        ,
        0.        ,  0.        ,  0.        ,  0.        ,  0.        ,
        0.00108404,  0.        ,  0.        ,  0.        ,  0.        ,
        0.        ,  0.        ,  0.        ,  0.        ,  0.        ,
        0.        ,  0.        ,  0.        ,  0.        ,  0.        ,
        0.        ,  0.        ,  0.        ,  0.        ,  0.        ,
        0.        ,  0.        ,  0.        ,  0.        ,  0.        ,
        0.        ,  0.        ,  0.        ,  0.        , -0.12954581,
        0.        ,  0.        ,  0.        ,  0.        ,  0.        ,
        0.        ,  0.        , -0.94262834,  0.        ,  0.        ,
        0.        ,  0.        ,  0.        ,  0.        ,  0.        ,
        0.        ,  0.        ,  0.        ,  0.        ,  0.        ,
        0.        ,  0.        ,  0.        ,  0.        ,  0.        ,
        0.        ,  0.        ,  0.        ,  0.        ,  0.        ,
        0.        ,  0.        ,  0.        ,  0.        ,  0.        ,
        0.        ,  0.        ,  0.        ,  0.        , -0.00363629,
        0.        ,  0.        ,  0.        ,  0.        ,  0.        ,
        0.        ,  0.        ,  0.        ,  0.        ,  0.        ,
        0.        , -0.01745261,  0.        ,  0.        ,  0.        ,
        0.        ,  0.        ,  0.        ,  0.        ,  0.        ,
        0.        ,  0.        ,  0.        ,  0.        ,  0.        ,
        0.        ,  0.        ,  0.        ,  0.        ,  0.        ,
        0.        ,  0.        ,  0.        ,  0.        ,  0.        ,
        0.        ,  0.        ,  0.        ,  0.        ,  0.        ,
        0.        ,  0.        ,  0.        ,  0.        ,  0.        ,
        0.        ,  0.        ,  0.        ,  0.        ,  0.        ,
        0.        ,  0.        ,  0.        ,  0.        ,  0.        ,
        0.        ,  0.        ,  0.        ,  0.        ,  0.        ,
        0.        ,  0.        ,  0.        ,  0.        ,  0.        ,
        0.        ,  0.        ,  0.        ,  0.        ,  0.        ,
        0.        ,  0.        ,  0.        ,  0.        ,  0.        ,
        0.        ,  0.        ,  0.        ,  0.        ,  0.        ,
        0.        , -0.01137606,  0.        ,  0.        ,  0.        ,
        0.        ,  0.        ])
21:05:32 | INFO     | num_full_subsets = 0
21:05:32 | INFO     | remaining_weight_vector = array([0.1720551 , 0.08648033, 0.0579586 , 0.04370017, 0.03514709,
       0.02944671, 0.02537647, 0.02232508, 0.01995296, 0.01805633,
       0.01650554, 0.01521413, 0.01412227, 0.01318721, 0.0123776 ,
       0.01166993, 0.01104623, 0.0104925 , 0.00999773, 0.00955306,
       0.00915136, 0.00878677, 0.00845447, 0.00815043, 0.00787126,
       0.00761412, 0.00737655, 0.00715647, 0.00695209, 0.00676184,
       0.00658436, 0.00641846, 0.00626311, 0.00611737, 0.00598044,
       0.00585159, 0.00573017, 0.00561561, 0.00550738, 0.00540502,
       0.00530811, 0.00521627, 0.00512916, 0.00504646, 0.00496788,
       0.00489317, 0.00482209, 0.00475442, 0.00468996, 0.00462852,
       0.00456995, 0.00451408, 0.00446077, 0.00440989, 0.00436132,
       0.00431493, 0.00427063, 0.00422832, 0.00418791, 0.00414931,
       0.00411244, 0.00407724, 0.00404362, 0.00401154, 0.00398092,
       0.00395172, 0.00392388, 0.00389736, 0.0038721 , 0.00384807,
       0.00382523, 0.00380353, 0.00378295, 0.00376346, 0.00374502,
       0.0037276 , 0.00371118, 0.00369574, 0.00368125, 0.00366769,
       0.00365505, 0.0036433 , 0.00363242, 0.00362241, 0.00361325,
       0.00360493, 0.00359743, 0.00359075, 0.00358487, 0.0035798 ,
       0.00357551, 0.00357201, 0.0035693 , 0.00356736, 0.0035662 ,
       0.00356581])
21:05:32 | INFO     | num_paired_subset_sizes = 95
21:05:32 | INFO     | weight_left = np.float64(1.0)
21:06:13 | INFO     | np.sum(w_aug) = np.float64(192.0)
21:06:13 | INFO     | np.sum(self.kernelWeights) = np.float64(0.9999999999999999)
21:06:13 | INFO     | phi = array([ 0.        ,  0.        ,  0.26084711,  0.        ,  0.        ,
        0.        , -0.03300191,  0.        ,  0.        ,  0.        ,
        0.        ,  0.        ,  0.        ,  0.        ,  0.        ,
        0.        ,  0.        ,  0.        ,  0.        ,  0.        ,
        0.        ,  0.        ,  0.        ,  0.        ,  0.        ,
        0.        ,  0.        ,  0.        ,  0.        ,  0.        ,
        0.        ,  0.        ,  0.        ,  0.        ,  0.        ,
        0.        ,  0.        ,  0.        ,  0.        ,  0.        ,
        0.        ,  0.        ,  0.        ,  0.        ,  0.        ,
        0.        ,  0.        ,  0.        ,  0.        ,  0.        ,
        0.        ,  0.        ,  0.        ,  0.        ,  0.        ,
        0.        ,  0.        ,  0.        ,  0.        ,  0.        ,
        0.        ,  0.        ,  0.        ,  0.        ,  0.        ,
        0.        ,  0.        ,  0.        ,  0.028947  ,  0.02582742,
        0.        ,  0.        ,  0.        ,  0.00314949,  0.        ,
        0.        ,  0.        ,  0.        ,  0.        ,  0.        ,
        0.        ,  0.        ,  0.        ,  0.        ,  0.        ,
        0.00811039,  0.        ,  0.        ,  0.        ,  0.        ,
        0.        ,  0.        ,  0.        ,  0.        ,  0.        ,
        0.        ,  0.        ,  0.        ,  0.        ,  0.01191421,
        0.        ,  0.        ,  0.        ,  0.        ,  0.        ,
        0.        ,  0.        ,  0.        ,  0.        ,  0.        ,
        0.        ,  0.        ,  0.        ,  0.        ,  0.        ,
        0.        ,  0.00723719,  0.        ,  0.        ,  0.        ,
        0.        ,  0.        ,  0.        ,  0.        ,  0.        ,
        0.        ,  0.        ,  0.        ,  0.        ,  0.        ,
        0.        ,  0.        ,  0.        ,  0.        ,  0.        ,
        0.        ,  0.        ,  0.        ,  0.        ,  0.        ,
        0.        ,  0.        ,  0.        ,  0.        ,  0.        ,
        0.        ,  0.        ,  0.        ,  0.        ,  0.        ,
        0.        , -0.03239271,  0.        ,  0.        ,  0.        ,
        0.        ,  0.        ,  0.        ,  0.        ,  0.        ,
        0.        ,  0.        ,  0.        ,  0.        ,  0.        ,
        0.        ,  0.        ,  0.        ,  0.        ,  0.        ,
        0.        ,  0.        ,  0.        ,  0.        ,  0.        ,
        0.        ,  0.        ,  0.        ,  0.        ,  0.        ,
        0.        ,  0.        ,  0.        ,  0.        ,  0.        ,
        0.        ,  0.        ,  0.        ,  0.00794156,  0.        ,
        0.        ,  0.        ])
21:06:13 | INFO     | np.sum(w_aug) = np.float64(192.0)
21:06:13 | INFO     | np.sum(self.kernelWeights) = np.float64(0.9999999999999999)
21:06:13 | INFO     | phi = array([ 0.        ,  0.        , -0.26084712,  0.        ,  0.        ,
        0.        ,  0.03300192,  0.        ,  0.        ,  0.        ,
        0.        ,  0.        ,  0.        ,  0.        ,  0.        ,
        0.        ,  0.        ,  0.        ,  0.        ,  0.        ,
        0.        ,  0.        ,  0.        ,  0.        ,  0.        ,
        0.        ,  0.        ,  0.        ,  0.        ,  0.        ,
        0.        ,  0.        ,  0.        ,  0.        ,  0.        ,
        0.        ,  0.        ,  0.        ,  0.        ,  0.        ,
        0.        ,  0.        ,  0.        ,  0.        ,  0.        ,
        0.        ,  0.        ,  0.        ,  0.        ,  0.        ,
        0.        ,  0.        ,  0.        ,  0.        ,  0.        ,
        0.        ,  0.        ,  0.        ,  0.        ,  0.        ,
        0.        ,  0.        ,  0.        ,  0.        ,  0.        ,
        0.        ,  0.        ,  0.        , -0.02894701, -0.02582742,
        0.        ,  0.        ,  0.        , -0.00314946,  0.        ,
        0.        ,  0.        ,  0.        ,  0.        ,  0.        ,
        0.        ,  0.        ,  0.        ,  0.        ,  0.        ,
       -0.00811038,  0.        ,  0.        ,  0.        ,  0.        ,
        0.        ,  0.        ,  0.        ,  0.        ,  0.        ,
        0.        ,  0.        ,  0.        ,  0.        , -0.01191421,
        0.        ,  0.        ,  0.        ,  0.        ,  0.        ,
        0.        ,  0.        ,  0.        ,  0.        ,  0.        ,
        0.        ,  0.        ,  0.        ,  0.        ,  0.        ,
        0.        , -0.0072372 ,  0.        ,  0.        ,  0.        ,
        0.        ,  0.        ,  0.        ,  0.        ,  0.        ,
        0.        ,  0.        ,  0.        ,  0.        ,  0.        ,
        0.        ,  0.        ,  0.        ,  0.        ,  0.        ,
        0.        ,  0.        ,  0.        ,  0.        ,  0.        ,
        0.        ,  0.        ,  0.        ,  0.        ,  0.        ,
        0.        ,  0.        ,  0.        ,  0.        ,  0.        ,
        0.        ,  0.03239271,  0.        ,  0.        ,  0.        ,
        0.        ,  0.        ,  0.        ,  0.        ,  0.        ,
        0.        ,  0.        ,  0.        ,  0.        ,  0.        ,
        0.        ,  0.        ,  0.        ,  0.        ,  0.        ,
        0.        ,  0.        ,  0.        ,  0.        ,  0.        ,
        0.        ,  0.        ,  0.        ,  0.        ,  0.        ,
        0.        ,  0.        ,  0.        ,  0.        ,  0.        ,
        0.        ,  0.        ,  0.        , -0.00794156,  0.        ,
        0.        ,  0.        ])
21:06:13 | INFO     | num_full_subsets = 0
21:06:13 | INFO     | remaining_weight_vector = array([0.1720551 , 0.08648033, 0.0579586 , 0.04370017, 0.03514709,
       0.02944671, 0.02537647, 0.02232508, 0.01995296, 0.01805633,
       0.01650554, 0.01521413, 0.01412227, 0.01318721, 0.0123776 ,
       0.01166993, 0.01104623, 0.0104925 , 0.00999773, 0.00955306,
       0.00915136, 0.00878677, 0.00845447, 0.00815043, 0.00787126,
       0.00761412, 0.00737655, 0.00715647, 0.00695209, 0.00676184,
       0.00658436, 0.00641846, 0.00626311, 0.00611737, 0.00598044,
       0.00585159, 0.00573017, 0.00561561, 0.00550738, 0.00540502,
       0.00530811, 0.00521627, 0.00512916, 0.00504646, 0.00496788,
       0.00489317, 0.00482209, 0.00475442, 0.00468996, 0.00462852,
       0.00456995, 0.00451408, 0.00446077, 0.00440989, 0.00436132,
       0.00431493, 0.00427063, 0.00422832, 0.00418791, 0.00414931,
       0.00411244, 0.00407724, 0.00404362, 0.00401154, 0.00398092,
       0.00395172, 0.00392388, 0.00389736, 0.0038721 , 0.00384807,
       0.00382523, 0.00380353, 0.00378295, 0.00376346, 0.00374502,
       0.0037276 , 0.00371118, 0.00369574, 0.00368125, 0.00366769,
       0.00365505, 0.0036433 , 0.00363242, 0.00362241, 0.00361325,
       0.00360493, 0.00359743, 0.00359075, 0.00358487, 0.0035798 ,
       0.00357551, 0.00357201, 0.0035693 , 0.00356736, 0.0035662 ,
       0.00356581])
21:06:13 | INFO     | num_paired_subset_sizes = 95
21:06:13 | INFO     | weight_left = np.float64(1.0)
21:06:54 | INFO     | np.sum(w_aug) = np.float64(192.0)
21:06:54 | INFO     | np.sum(self.kernelWeights) = np.float64(0.9999999999999999)
21:06:54 | INFO     | phi = array([ 0.        , -0.00664685, -0.06085835,  0.        ,  0.        ,
        0.        ,  0.        ,  0.        ,  0.        ,  0.        ,
        0.00508811,  0.        ,  0.        ,  0.        ,  0.        ,
        0.        ,  0.        ,  0.00238884,  0.        ,  0.        ,
        0.        ,  0.        ,  0.        ,  0.        ,  0.        ,
        0.        ,  0.        ,  0.        ,  0.        ,  0.        ,
        0.        ,  0.        ,  0.        ,  0.        ,  0.        ,
        0.        ,  0.        ,  0.        ,  0.        ,  0.        ,
        0.        ,  0.        ,  0.00823726,  0.        ,  0.        ,
        0.        ,  0.        ,  0.        ,  0.        ,  0.        ,
        0.        ,  0.        ,  0.        ,  0.        ,  0.        ,
        0.        ,  0.        ,  0.        ,  0.        ,  0.        ,
        0.        ,  0.        ,  0.        ,  0.        ,  0.        ,
        0.        ,  0.        ,  0.        ,  0.        ,  0.        ,
        0.        ,  0.        ,  0.        ,  0.        ,  0.        ,
        0.        ,  0.        ,  0.        ,  0.        ,  0.        ,
        0.        ,  0.        ,  0.        ,  0.        ,  0.01235249,
        0.        ,  0.        ,  0.        ,  0.        ,  0.        ,
        0.        ,  0.        ,  0.        ,  0.        ,  0.        ,
        0.        ,  0.        ,  0.        ,  0.        ,  0.        ,
        0.        ,  0.        ,  0.        ,  0.        ,  0.        ,
        0.        ,  0.        ,  0.        ,  0.00959181,  0.        ,
        0.        ,  0.        ,  0.        ,  0.        ,  0.        ,
        0.        ,  0.        , -0.01117026,  0.        ,  0.        ,
        0.        ,  0.        ,  0.        ,  0.        ,  0.        ,
        0.        ,  0.        ,  0.        ,  0.        , -0.01226537,
        0.        ,  0.        ,  0.        ,  0.        ,  0.        ,
        0.        ,  0.        ,  0.        ,  0.        ,  0.        ,
        0.        ,  0.        ,  0.        ,  0.        ,  0.        ,
        0.        ,  0.        ,  0.        ,  0.        ,  0.        ,
        0.        ,  0.        ,  0.        ,  0.        ,  0.        ,
        0.        ,  0.        ,  0.        ,  0.        ,  0.        ,
        0.        ,  0.        ,  0.        ,  0.        ,  0.        ,
        0.        ,  0.        ,  0.        ,  0.        ,  0.        ,
        0.        ,  0.        ,  0.        ,  0.        ,  0.        ,
        0.        ,  0.        ,  0.        ,  0.        ,  0.        ,
        0.        ,  0.        ,  0.        ,  0.        ,  0.        ,
        0.        , -0.01006764,  0.        ,  0.        ,  0.        ,
        0.        ,  0.        ])
21:06:54 | INFO     | np.sum(w_aug) = np.float64(192.0)
21:06:54 | INFO     | np.sum(self.kernelWeights) = np.float64(0.9999999999999999)
21:06:54 | INFO     | phi = array([ 0.        ,  0.00664683,  0.06085835,  0.        ,  0.        ,
        0.        ,  0.        ,  0.        ,  0.        ,  0.        ,
       -0.00508811,  0.        ,  0.        ,  0.        ,  0.        ,
        0.        ,  0.        , -0.00238885,  0.        ,  0.        ,
        0.        ,  0.        ,  0.        ,  0.        ,  0.        ,
        0.        ,  0.        ,  0.        ,  0.        ,  0.        ,
        0.        ,  0.        ,  0.        ,  0.        ,  0.        ,
        0.        ,  0.        ,  0.        ,  0.        ,  0.        ,
        0.        ,  0.        , -0.00823725,  0.        ,  0.        ,
        0.        ,  0.        ,  0.        ,  0.        ,  0.        ,
        0.        ,  0.        ,  0.        ,  0.        ,  0.        ,
        0.        ,  0.        ,  0.        ,  0.        ,  0.        ,
        0.        ,  0.        ,  0.        ,  0.        ,  0.        ,
        0.        ,  0.        ,  0.        ,  0.        ,  0.        ,
        0.        ,  0.        ,  0.        ,  0.        ,  0.        ,
        0.        ,  0.        ,  0.        ,  0.        ,  0.        ,
        0.        ,  0.        ,  0.        ,  0.        , -0.01235248,
        0.        ,  0.        ,  0.        ,  0.        ,  0.        ,
        0.        ,  0.        ,  0.        ,  0.        ,  0.        ,
        0.        ,  0.        ,  0.        ,  0.        ,  0.        ,
        0.        ,  0.        ,  0.        ,  0.        ,  0.        ,
        0.        ,  0.        ,  0.        , -0.0095918 ,  0.        ,
        0.        ,  0.        ,  0.        ,  0.        ,  0.        ,
        0.        ,  0.        ,  0.01117026,  0.        ,  0.        ,
        0.        ,  0.        ,  0.        ,  0.        ,  0.        ,
        0.        ,  0.        ,  0.        ,  0.        ,  0.01226536,
        0.        ,  0.        ,  0.        ,  0.        ,  0.        ,
        0.        ,  0.        ,  0.        ,  0.        ,  0.        ,
        0.        ,  0.        ,  0.        ,  0.        ,  0.        ,
        0.        ,  0.        ,  0.        ,  0.        ,  0.        ,
        0.        ,  0.        ,  0.        ,  0.        ,  0.        ,
        0.        ,  0.        ,  0.        ,  0.        ,  0.        ,
        0.        ,  0.        ,  0.        ,  0.        ,  0.        ,
        0.        ,  0.        ,  0.        ,  0.        ,  0.        ,
        0.        ,  0.        ,  0.        ,  0.        ,  0.        ,
        0.        ,  0.        ,  0.        ,  0.        ,  0.        ,
        0.        ,  0.        ,  0.        ,  0.        ,  0.        ,
        0.        ,  0.01006765,  0.        ,  0.        ,  0.        ,
        0.        ,  0.        ])
21:06:54 | INFO     | num_full_subsets = 0
21:06:54 | INFO     | remaining_weight_vector = array([0.1720551 , 0.08648033, 0.0579586 , 0.04370017, 0.03514709,
       0.02944671, 0.02537647, 0.02232508, 0.01995296, 0.01805633,
       0.01650554, 0.01521413, 0.01412227, 0.01318721, 0.0123776 ,
       0.01166993, 0.01104623, 0.0104925 , 0.00999773, 0.00955306,
       0.00915136, 0.00878677, 0.00845447, 0.00815043, 0.00787126,
       0.00761412, 0.00737655, 0.00715647, 0.00695209, 0.00676184,
       0.00658436, 0.00641846, 0.00626311, 0.00611737, 0.00598044,
       0.00585159, 0.00573017, 0.00561561, 0.00550738, 0.00540502,
       0.00530811, 0.00521627, 0.00512916, 0.00504646, 0.00496788,
       0.00489317, 0.00482209, 0.00475442, 0.00468996, 0.00462852,
       0.00456995, 0.00451408, 0.00446077, 0.00440989, 0.00436132,
       0.00431493, 0.00427063, 0.00422832, 0.00418791, 0.00414931,
       0.00411244, 0.00407724, 0.00404362, 0.00401154, 0.00398092,
       0.00395172, 0.00392388, 0.00389736, 0.0038721 , 0.00384807,
       0.00382523, 0.00380353, 0.00378295, 0.00376346, 0.00374502,
       0.0037276 , 0.00371118, 0.00369574, 0.00368125, 0.00366769,
       0.00365505, 0.0036433 , 0.00363242, 0.00362241, 0.00361325,
       0.00360493, 0.00359743, 0.00359075, 0.00358487, 0.0035798 ,
       0.00357551, 0.00357201, 0.0035693 , 0.00356736, 0.0035662 ,
       0.00356581])
21:06:54 | INFO     | num_paired_subset_sizes = 95
21:06:54 | INFO     | weight_left = np.float64(1.0)
21:07:35 | INFO     | np.sum(w_aug) = np.float64(192.0)
21:07:35 | INFO     | np.sum(self.kernelWeights) = np.float64(0.9999999999999999)
21:07:35 | INFO     | phi = array([ 0.        ,  0.        , -0.06396294,  0.        ,  0.        ,
        0.        ,  0.        ,  0.        ,  0.        ,  0.        ,
        0.00159293,  0.        ,  0.        ,  0.        ,  0.        ,
        0.        ,  0.        ,  0.        ,  0.        ,  0.        ,
        0.        ,  0.        ,  0.        ,  0.        ,  0.        ,
        0.        ,  0.        ,  0.        ,  0.        ,  0.        ,
        0.01313342,  0.        ,  0.        ,  0.        ,  0.        ,
        0.        ,  0.        ,  0.        ,  0.        ,  0.        ,
        0.        ,  0.        ,  0.        ,  0.        ,  0.        ,
        0.        ,  0.        ,  0.        ,  0.        , -0.03397603,
        0.        ,  0.        ,  0.        ,  0.        ,  0.        ,
        0.        ,  0.        ,  0.        ,  0.        ,  0.        ,
        0.        ,  0.        ,  0.        ,  0.        ,  0.        ,
        0.        ,  0.        ,  0.        ,  0.        , -0.01665137,
        0.        ,  0.        ,  0.        ,  0.        ,  0.        ,
        0.        ,  0.        ,  0.        ,  0.        ,  0.        ,
        0.        ,  0.00324437,  0.        ,  0.        ,  0.        ,
        0.        ,  0.        ,  0.        ,  0.        ,  0.        ,
        0.        ,  0.        ,  0.        ,  0.        ,  0.        ,
        0.        ,  0.        ,  0.        ,  0.        ,  0.        ,
        0.        ,  0.        ,  0.        ,  0.        ,  0.        ,
        0.        ,  0.        ,  0.01577825,  0.        ,  0.        ,
        0.        ,  0.        ,  0.        ,  0.        ,  0.        ,
        0.        ,  0.        ,  0.        ,  0.        ,  0.        ,
        0.        ,  0.        ,  0.        ,  0.        ,  0.        ,
        0.        ,  0.        ,  0.        ,  0.02117362,  0.        ,
        0.        ,  0.        ,  0.        ,  0.        ,  0.        ,
        0.        ,  0.        ,  0.        ,  0.        ,  0.        ,
        0.        ,  0.        ,  0.        ,  0.        ,  0.        ,
        0.        ,  0.        ,  0.        ,  0.        ,  0.        ,
        0.        ,  0.        ,  0.        ,  0.        ,  0.        ,
        0.        ,  0.        ,  0.        ,  0.        ,  0.        ,
        0.        ,  0.        ,  0.        ,  0.        ,  0.        ,
        0.        ,  0.        ,  0.        , -0.01957786,  0.        ,
        0.        ,  0.        ,  0.        ,  0.        ,  0.        ,
        0.        ,  0.        ,  0.        ,  0.        ,  0.        ,
        0.        ,  0.        , -0.00281159,  0.        ,  0.        ,
        0.        ,  0.        ,  0.        ,  0.        ,  0.        ,
        0.        ,  0.        ])
21:07:35 | INFO     | np.sum(w_aug) = np.float64(192.0)
21:07:35 | INFO     | np.sum(self.kernelWeights) = np.float64(0.9999999999999999)
21:07:35 | INFO     | phi = array([ 0.        ,  0.        ,  0.06396296,  0.        ,  0.        ,
        0.        ,  0.        ,  0.        ,  0.        ,  0.        ,
       -0.00159293,  0.        ,  0.        ,  0.        ,  0.        ,
        0.        ,  0.        ,  0.        ,  0.        ,  0.        ,
        0.        ,  0.        ,  0.        ,  0.        ,  0.        ,
        0.        ,  0.        ,  0.        ,  0.        ,  0.        ,
       -0.01313341,  0.        ,  0.        ,  0.        ,  0.        ,
        0.        ,  0.        ,  0.        ,  0.        ,  0.        ,
        0.        ,  0.        ,  0.        ,  0.        ,  0.        ,
        0.        ,  0.        ,  0.        ,  0.        ,  0.03397601,
        0.        ,  0.        ,  0.        ,  0.        ,  0.        ,
        0.        ,  0.        ,  0.        ,  0.        ,  0.        ,
        0.        ,  0.        ,  0.        ,  0.        ,  0.        ,
        0.        ,  0.        ,  0.        ,  0.        ,  0.01665138,
        0.        ,  0.        ,  0.        ,  0.        ,  0.        ,
        0.        ,  0.        ,  0.        ,  0.        ,  0.        ,
        0.        , -0.00324438,  0.        ,  0.        ,  0.        ,
        0.        ,  0.        ,  0.        ,  0.        ,  0.        ,
        0.        ,  0.        ,  0.        ,  0.        ,  0.        ,
        0.        ,  0.        ,  0.        ,  0.        ,  0.        ,
        0.        ,  0.        ,  0.        ,  0.        ,  0.        ,
        0.        ,  0.        , -0.01577826,  0.        ,  0.        ,
        0.        ,  0.        ,  0.        ,  0.        ,  0.        ,
        0.        ,  0.        ,  0.        ,  0.        ,  0.        ,
        0.        ,  0.        ,  0.        ,  0.        ,  0.        ,
        0.        ,  0.        ,  0.        , -0.02117363,  0.        ,
        0.        ,  0.        ,  0.        ,  0.        ,  0.        ,
        0.        ,  0.        ,  0.        ,  0.        ,  0.        ,
        0.        ,  0.        ,  0.        ,  0.        ,  0.        ,
        0.        ,  0.        ,  0.        ,  0.        ,  0.        ,
        0.        ,  0.        ,  0.        ,  0.        ,  0.        ,
        0.        ,  0.        ,  0.        ,  0.        ,  0.        ,
        0.        ,  0.        ,  0.        ,  0.        ,  0.        ,
        0.        ,  0.        ,  0.        ,  0.01957786,  0.        ,
        0.        ,  0.        ,  0.        ,  0.        ,  0.        ,
        0.        ,  0.        ,  0.        ,  0.        ,  0.        ,
        0.        ,  0.        ,  0.00281158,  0.        ,  0.        ,
        0.        ,  0.        ,  0.        ,  0.        ,  0.        ,
        0.        ,  0.        ])
21:07:35 | INFO     | num_full_subsets = 0
21:07:35 | INFO     | remaining_weight_vector = array([0.1720551 , 0.08648033, 0.0579586 , 0.04370017, 0.03514709,
       0.02944671, 0.02537647, 0.02232508, 0.01995296, 0.01805633,
       0.01650554, 0.01521413, 0.01412227, 0.01318721, 0.0123776 ,
       0.01166993, 0.01104623, 0.0104925 , 0.00999773, 0.00955306,
       0.00915136, 0.00878677, 0.00845447, 0.00815043, 0.00787126,
       0.00761412, 0.00737655, 0.00715647, 0.00695209, 0.00676184,
       0.00658436, 0.00641846, 0.00626311, 0.00611737, 0.00598044,
       0.00585159, 0.00573017, 0.00561561, 0.00550738, 0.00540502,
       0.00530811, 0.00521627, 0.00512916, 0.00504646, 0.00496788,
       0.00489317, 0.00482209, 0.00475442, 0.00468996, 0.00462852,
       0.00456995, 0.00451408, 0.00446077, 0.00440989, 0.00436132,
       0.00431493, 0.00427063, 0.00422832, 0.00418791, 0.00414931,
       0.00411244, 0.00407724, 0.00404362, 0.00401154, 0.00398092,
       0.00395172, 0.00392388, 0.00389736, 0.0038721 , 0.00384807,
       0.00382523, 0.00380353, 0.00378295, 0.00376346, 0.00374502,
       0.0037276 , 0.00371118, 0.00369574, 0.00368125, 0.00366769,
       0.00365505, 0.0036433 , 0.00363242, 0.00362241, 0.00361325,
       0.00360493, 0.00359743, 0.00359075, 0.00358487, 0.0035798 ,
       0.00357551, 0.00357201, 0.0035693 , 0.00356736, 0.0035662 ,
       0.00356581])
21:07:35 | INFO     | num_paired_subset_sizes = 95
21:07:35 | INFO     | weight_left = np.float64(1.0)
21:08:18 | INFO     | np.sum(w_aug) = np.float64(192.0)
21:08:18 | INFO     | np.sum(self.kernelWeights) = np.float64(0.9999999999999999)
21:08:18 | INFO     | phi = array([0.        , 0.        , 0.14116105, 0.        , 0.        ,
       0.        , 0.        , 0.        , 0.        , 0.        ,
       0.        , 0.        , 0.        , 0.        , 0.        ,
       0.        , 0.        , 0.        , 0.        , 0.        ,
       0.        , 0.        , 0.        , 0.        , 0.        ,
       0.        , 0.        , 0.        , 0.        , 0.        ,
       0.        , 0.        , 0.        , 0.        , 0.        ,
       0.        , 0.        , 0.        , 0.        , 0.01602287,
       0.        , 0.        , 0.        , 0.01851844, 0.        ,
       0.        , 0.        , 0.        , 0.        , 0.        ,
       0.        , 0.        , 0.01016977, 0.        , 0.        ,
       0.        , 0.        , 0.        , 0.        , 0.        ,
       0.        , 0.        , 0.        , 0.        , 0.09724489,
       0.        , 0.        , 0.        , 0.        , 0.02378251,
       0.        , 0.        , 0.        , 0.        , 0.        ,
       0.        , 0.        , 0.        , 0.        , 0.        ,
       0.        , 0.        , 0.        , 0.        , 0.        ,
       0.        , 0.        , 0.        , 0.        , 0.        ,
       0.        , 0.        , 0.        , 0.        , 0.        ,
       0.        , 0.        , 0.        , 0.        , 0.        ,
       0.        , 0.        , 0.        , 0.        , 0.        ,
       0.        , 0.        , 0.        , 0.        , 0.        ,
       0.        , 0.        , 0.        , 0.        , 0.        ,
       0.        , 0.        , 0.        , 0.        , 0.        ,
       0.        , 0.        , 0.        , 0.        , 0.        ,
       0.        , 0.        , 0.        , 0.        , 0.02258538,
       0.        , 0.        , 0.        , 0.        , 0.03349018,
       0.        , 0.        , 0.        , 0.        , 0.        ,
       0.        , 0.        , 0.02330836, 0.        , 0.        ,
       0.        , 0.        , 0.        , 0.        , 0.        ,
       0.        , 0.        , 0.        , 0.        , 0.        ,
       0.        , 0.        , 0.        , 0.        , 0.        ,
       0.        , 0.        , 0.        , 0.        , 0.        ,
       0.        , 0.        , 0.        , 0.        , 0.        ,
       0.        , 0.        , 0.        , 0.        , 0.        ,
       0.        , 0.        , 0.        , 0.        , 0.00847744,
       0.        , 0.        , 0.        , 0.        , 0.        ,
       0.        , 0.        , 0.        , 0.        , 0.        ,
       0.        , 0.        ])
21:08:18 | INFO     | np.sum(w_aug) = np.float64(192.0)
21:08:18 | INFO     | np.sum(self.kernelWeights) = np.float64(0.9999999999999999)
21:08:18 | INFO     | phi = array([ 0.        ,  0.        , -0.14116104,  0.        ,  0.        ,
        0.        ,  0.        ,  0.        ,  0.        ,  0.        ,
        0.        ,  0.        ,  0.        ,  0.        ,  0.        ,
        0.        ,  0.        ,  0.        ,  0.        ,  0.        ,
        0.        ,  0.        ,  0.        ,  0.        ,  0.        ,
        0.        ,  0.        ,  0.        ,  0.        ,  0.        ,
        0.        ,  0.        ,  0.        ,  0.        ,  0.        ,
        0.        ,  0.        ,  0.        ,  0.        , -0.01602286,
        0.        ,  0.        ,  0.        , -0.01851846,  0.        ,
        0.        ,  0.        ,  0.        ,  0.        ,  0.        ,
        0.        ,  0.        , -0.01016977,  0.        ,  0.        ,
        0.        ,  0.        ,  0.        ,  0.        ,  0.        ,
        0.        ,  0.        ,  0.        ,  0.        , -0.09724491,
        0.        ,  0.        ,  0.        ,  0.        , -0.02378251,
        0.        ,  0.        ,  0.        ,  0.        ,  0.        ,
        0.        ,  0.        ,  0.        ,  0.        ,  0.        ,
        0.        ,  0.        ,  0.        ,  0.        ,  0.        ,
        0.        ,  0.        ,  0.        ,  0.        ,  0.        ,
        0.        ,  0.        ,  0.        ,  0.        ,  0.        ,
        0.        ,  0.        ,  0.        ,  0.        ,  0.        ,
        0.        ,  0.        ,  0.        ,  0.        ,  0.        ,
        0.        ,  0.        ,  0.        ,  0.        ,  0.        ,
        0.        ,  0.        ,  0.        ,  0.        ,  0.        ,
        0.        ,  0.        ,  0.        ,  0.        ,  0.        ,
        0.        ,  0.        ,  0.        ,  0.        ,  0.        ,
        0.        ,  0.        ,  0.        ,  0.        , -0.02258539,
        0.        ,  0.        ,  0.        ,  0.        , -0.03349019,
        0.        ,  0.        ,  0.        ,  0.        ,  0.        ,
        0.        ,  0.        , -0.02330837,  0.        ,  0.        ,
        0.        ,  0.        ,  0.        ,  0.        ,  0.        ,
        0.        ,  0.        ,  0.        ,  0.        ,  0.        ,
        0.        ,  0.        ,  0.        ,  0.        ,  0.        ,
        0.        ,  0.        ,  0.        ,  0.        ,  0.        ,
        0.        ,  0.        ,  0.        ,  0.        ,  0.        ,
        0.        ,  0.        ,  0.        ,  0.        ,  0.        ,
        0.        ,  0.        ,  0.        ,  0.        , -0.00847746,
        0.        ,  0.        ,  0.        ,  0.        ,  0.        ,
        0.        ,  0.        ,  0.        ,  0.        ,  0.        ,
        0.        ,  0.        ])
21:08:18 | INFO     | num_full_subsets = 0
21:08:18 | INFO     | remaining_weight_vector = array([0.1720551 , 0.08648033, 0.0579586 , 0.04370017, 0.03514709,
       0.02944671, 0.02537647, 0.02232508, 0.01995296, 0.01805633,
       0.01650554, 0.01521413, 0.01412227, 0.01318721, 0.0123776 ,
       0.01166993, 0.01104623, 0.0104925 , 0.00999773, 0.00955306,
       0.00915136, 0.00878677, 0.00845447, 0.00815043, 0.00787126,
       0.00761412, 0.00737655, 0.00715647, 0.00695209, 0.00676184,
       0.00658436, 0.00641846, 0.00626311, 0.00611737, 0.00598044,
       0.00585159, 0.00573017, 0.00561561, 0.00550738, 0.00540502,
       0.00530811, 0.00521627, 0.00512916, 0.00504646, 0.00496788,
       0.00489317, 0.00482209, 0.00475442, 0.00468996, 0.00462852,
       0.00456995, 0.00451408, 0.00446077, 0.00440989, 0.00436132,
       0.00431493, 0.00427063, 0.00422832, 0.00418791, 0.00414931,
       0.00411244, 0.00407724, 0.00404362, 0.00401154, 0.00398092,
       0.00395172, 0.00392388, 0.00389736, 0.0038721 , 0.00384807,
       0.00382523, 0.00380353, 0.00378295, 0.00376346, 0.00374502,
       0.0037276 , 0.00371118, 0.00369574, 0.00368125, 0.00366769,
       0.00365505, 0.0036433 , 0.00363242, 0.00362241, 0.00361325,
       0.00360493, 0.00359743, 0.00359075, 0.00358487, 0.0035798 ,
       0.00357551, 0.00357201, 0.0035693 , 0.00356736, 0.0035662 ,
       0.00356581])
21:08:18 | INFO     | num_paired_subset_sizes = 95
21:08:18 | INFO     | weight_left = np.float64(1.0)
21:21:11 | INFO     | np.sum(w_aug) = np.float64(192.0)
21:21:11 | INFO     | np.sum(self.kernelWeights) = np.float64(0.9999999999999999)
21:21:11 | INFO     | phi = array([0.        , 0.        , 0.19822491, 0.        , 0.        ,
       0.        , 0.        , 0.        , 0.        , 0.        ,
       0.        , 0.        , 0.        , 0.        , 0.        ,
       0.        , 0.        , 0.        , 0.        , 0.        ,
       0.        , 0.        , 0.        , 0.        , 0.        ,
       0.        , 0.        , 0.        , 0.        , 0.        ,
       0.        , 0.        , 0.        , 0.        , 0.        ,
       0.        , 0.        , 0.        , 0.        , 0.        ,
       0.        , 0.        , 0.        , 0.        , 0.        ,
       0.        , 0.        , 0.        , 0.        , 0.        ,
       0.        , 0.        , 0.        , 0.        , 0.        ,
       0.        , 0.0080307 , 0.        , 0.        , 0.        ,
       0.        , 0.        , 0.        , 0.        , 0.13196255,
       0.        , 0.        , 0.        , 0.01190889, 0.        ,
       0.        , 0.0160127 , 0.        , 0.        , 0.        ,
       0.        , 0.        , 0.        , 0.        , 0.        ,
       0.        , 0.        , 0.        , 0.        , 0.        ,
       0.        , 0.        , 0.        , 0.        , 0.        ,
       0.        , 0.        , 0.        , 0.        , 0.        ,
       0.        , 0.        , 0.        , 0.        , 0.        ,
       0.        , 0.        , 0.        , 0.        , 0.        ,
       0.        , 0.        , 0.        , 0.        , 0.        ,
       0.        , 0.        , 0.        , 0.        , 0.        ,
       0.        , 0.        , 0.        , 0.        , 0.        ,
       0.        , 0.        , 0.        , 0.        , 0.        ,
       0.        , 0.        , 0.        , 0.01604874, 0.02501518,
       0.        , 0.        , 0.        , 0.        , 0.        ,
       0.        , 0.        , 0.        , 0.        , 0.        ,
       0.        , 0.        , 0.        , 0.        , 0.        ,
       0.        , 0.00808696, 0.        , 0.        , 0.        ,
       0.        , 0.00702772, 0.        , 0.        , 0.        ,
       0.        , 0.        , 0.        , 0.        , 0.        ,
       0.        , 0.        , 0.        , 0.        , 0.        ,
       0.        , 0.        , 0.        , 0.        , 0.        ,
       0.        , 0.        , 0.        , 0.        , 0.0136129 ,
       0.        , 0.        , 0.        , 0.        , 0.        ,
       0.        , 0.        , 0.        , 0.        , 0.        ,
       0.        , 0.        , 0.        , 0.        , 0.        ,
       0.        , 0.        ])
21:21:11 | INFO     | np.sum(w_aug) = np.float64(192.0)
21:21:11 | INFO     | np.sum(self.kernelWeights) = np.float64(0.9999999999999999)
21:21:11 | INFO     | phi = array([ 0.        ,  0.        , -0.19822489,  0.        ,  0.        ,
        0.        ,  0.        ,  0.        ,  0.        ,  0.        ,
        0.        ,  0.        ,  0.        ,  0.        ,  0.        ,
        0.        ,  0.        ,  0.        ,  0.        ,  0.        ,
        0.        ,  0.        ,  0.        ,  0.        ,  0.        ,
        0.        ,  0.        ,  0.        ,  0.        ,  0.        ,
        0.        ,  0.        ,  0.        ,  0.        ,  0.        ,
        0.        ,  0.        ,  0.        ,  0.        ,  0.        ,
        0.        ,  0.        ,  0.        ,  0.        ,  0.        ,
        0.        ,  0.        ,  0.        ,  0.        ,  0.        ,
        0.        ,  0.        ,  0.        ,  0.        ,  0.        ,
        0.        , -0.0080307 ,  0.        ,  0.        ,  0.        ,
        0.        ,  0.        ,  0.        ,  0.        , -0.13196257,
        0.        ,  0.        ,  0.        , -0.01190887,  0.        ,
        0.        , -0.0160127 ,  0.        ,  0.        ,  0.        ,
        0.        ,  0.        ,  0.        ,  0.        ,  0.        ,
        0.        ,  0.        ,  0.        ,  0.        ,  0.        ,
        0.        ,  0.        ,  0.        ,  0.        ,  0.        ,
        0.        ,  0.        ,  0.        ,  0.        ,  0.        ,
        0.        ,  0.        ,  0.        ,  0.        ,  0.        ,
        0.        ,  0.        ,  0.        ,  0.        ,  0.        ,
        0.        ,  0.        ,  0.        ,  0.        ,  0.        ,
        0.        ,  0.        ,  0.        ,  0.        ,  0.        ,
        0.        ,  0.        ,  0.        ,  0.        ,  0.        ,
        0.        ,  0.        ,  0.        ,  0.        ,  0.        ,
        0.        ,  0.        ,  0.        , -0.01604876, -0.02501517,
        0.        ,  0.        ,  0.        ,  0.        ,  0.        ,
        0.        ,  0.        ,  0.        ,  0.        ,  0.        ,
        0.        ,  0.        ,  0.        ,  0.        ,  0.        ,
        0.        , -0.00808696,  0.        ,  0.        ,  0.        ,
        0.        , -0.00702773,  0.        ,  0.        ,  0.        ,
        0.        ,  0.        ,  0.        ,  0.        ,  0.        ,
        0.        ,  0.        ,  0.        ,  0.        ,  0.        ,
        0.        ,  0.        ,  0.        ,  0.        ,  0.        ,
        0.        ,  0.        ,  0.        ,  0.        , -0.0136129 ,
        0.        ,  0.        ,  0.        ,  0.        ,  0.        ,
        0.        ,  0.        ,  0.        ,  0.        ,  0.        ,
        0.        ,  0.        ,  0.        ,  0.        ,  0.        ,
        0.        ,  0.        ])
21:21:11 | INFO     | num_full_subsets = 0
21:21:11 | INFO     | remaining_weight_vector = array([0.1720551 , 0.08648033, 0.0579586 , 0.04370017, 0.03514709,
       0.02944671, 0.02537647, 0.02232508, 0.01995296, 0.01805633,
       0.01650554, 0.01521413, 0.01412227, 0.01318721, 0.0123776 ,
       0.01166993, 0.01104623, 0.0104925 , 0.00999773, 0.00955306,
       0.00915136, 0.00878677, 0.00845447, 0.00815043, 0.00787126,
       0.00761412, 0.00737655, 0.00715647, 0.00695209, 0.00676184,
       0.00658436, 0.00641846, 0.00626311, 0.00611737, 0.00598044,
       0.00585159, 0.00573017, 0.00561561, 0.00550738, 0.00540502,
       0.00530811, 0.00521627, 0.00512916, 0.00504646, 0.00496788,
       0.00489317, 0.00482209, 0.00475442, 0.00468996, 0.00462852,
       0.00456995, 0.00451408, 0.00446077, 0.00440989, 0.00436132,
       0.00431493, 0.00427063, 0.00422832, 0.00418791, 0.00414931,
       0.00411244, 0.00407724, 0.00404362, 0.00401154, 0.00398092,
       0.00395172, 0.00392388, 0.00389736, 0.0038721 , 0.00384807,
       0.00382523, 0.00380353, 0.00378295, 0.00376346, 0.00374502,
       0.0037276 , 0.00371118, 0.00369574, 0.00368125, 0.00366769,
       0.00365505, 0.0036433 , 0.00363242, 0.00362241, 0.00361325,
       0.00360493, 0.00359743, 0.00359075, 0.00358487, 0.0035798 ,
       0.00357551, 0.00357201, 0.0035693 , 0.00356736, 0.0035662 ,
       0.00356581])
21:21:11 | INFO     | num_paired_subset_sizes = 95
21:21:11 | INFO     | weight_left = np.float64(1.0)
21:21:53 | INFO     | np.sum(w_aug) = np.float64(192.0)
21:21:53 | INFO     | np.sum(self.kernelWeights) = np.float64(0.9999999999999999)
21:21:53 | INFO     | phi = array([ 0.        ,  0.        , -0.00529141,  0.        , -0.05322365,
        0.        ,  0.        ,  0.        ,  0.        ,  0.        ,
        0.        ,  0.        ,  0.        ,  0.        ,  0.        ,
        0.        ,  0.        ,  0.        ,  0.        ,  0.        ,
        0.        ,  0.        ,  0.        ,  0.        ,  0.        ,
        0.        ,  0.        ,  0.        ,  0.        ,  0.        ,
        0.        ,  0.        ,  0.        ,  0.        ,  0.        ,
        0.        ,  0.        ,  0.        ,  0.        ,  0.        ,
        0.        ,  0.        ,  0.        ,  0.        ,  0.        ,
        0.        ,  0.        ,  0.        ,  0.        ,  0.        ,
        0.        ,  0.        ,  0.        ,  0.        ,  0.        ,
        0.        ,  0.        ,  0.        ,  0.        ,  0.        ,
        0.        ,  0.        ,  0.        ,  0.        , -0.05128363,
        0.        , -0.03569815,  0.        ,  0.        ,  0.        ,
        0.        ,  0.02851289,  0.        ,  0.        ,  0.        ,
        0.        ,  0.        ,  0.        ,  0.        ,  0.        ,
        0.        ,  0.        ,  0.        ,  0.        ,  0.        ,
        0.        ,  0.        ,  0.        ,  0.        ,  0.        ,
        0.        ,  0.        ,  0.        ,  0.        ,  0.        ,
        0.        ,  0.        ,  0.        ,  0.        ,  0.        ,
        0.        ,  0.        ,  0.01096465,  0.        ,  0.        ,
        0.        ,  0.        ,  0.        ,  0.        ,  0.        ,
        0.        ,  0.        ,  0.        ,  0.        ,  0.        ,
        0.        ,  0.        , -0.00969425,  0.        ,  0.        ,
        0.        ,  0.        ,  0.        ,  0.        ,  0.        ,
        0.        ,  0.        ,  0.        ,  0.        ,  0.00912953,
        0.        ,  0.        ,  0.        ,  0.        ,  0.01139992,
        0.        ,  0.        ,  0.        ,  0.        ,  0.        ,
        0.        ,  0.        ,  0.        ,  0.        ,  0.        ,
        0.        ,  0.        ,  0.        ,  0.        ,  0.        ,
        0.        ,  0.        ,  0.        ,  0.        ,  0.        ,
        0.        ,  0.        ,  0.        ,  0.        ,  0.        ,
        0.        ,  0.        ,  0.        ,  0.        ,  0.        ,
        0.        ,  0.        ,  0.        ,  0.        ,  0.        ,
        0.        ,  0.        ,  0.        ,  0.        ,  0.        ,
        0.        ,  0.        ,  0.        ,  0.        , -0.01097945,
        0.        ,  0.        ,  0.        ,  0.        ,  0.        ,
        0.        ,  0.        ,  0.        ,  0.        ,  0.        ,
        0.        ,  0.        ])
21:21:53 | INFO     | np.sum(w_aug) = np.float64(192.0)
21:21:53 | INFO     | np.sum(self.kernelWeights) = np.float64(0.9999999999999999)
21:21:53 | INFO     | phi = array([ 0.        ,  0.        ,  0.0052914 ,  0.        ,  0.05322365,
        0.        ,  0.        ,  0.        ,  0.        ,  0.        ,
        0.        ,  0.        ,  0.        ,  0.        ,  0.        ,
        0.        ,  0.        ,  0.        ,  0.        ,  0.        ,
        0.        ,  0.        ,  0.        ,  0.        ,  0.        ,
        0.        ,  0.        ,  0.        ,  0.        ,  0.        ,
        0.        ,  0.        ,  0.        ,  0.        ,  0.        ,
        0.        ,  0.        ,  0.        ,  0.        ,  0.        ,
        0.        ,  0.        ,  0.        ,  0.        ,  0.        ,
        0.        ,  0.        ,  0.        ,  0.        ,  0.        ,
        0.        ,  0.        ,  0.        ,  0.        ,  0.        ,
        0.        ,  0.        ,  0.        ,  0.        ,  0.        ,
        0.        ,  0.        ,  0.        ,  0.        ,  0.05128363,
        0.        ,  0.03569815,  0.        ,  0.        ,  0.        ,
        0.        , -0.0285129 ,  0.        ,  0.        ,  0.        ,
        0.        ,  0.        ,  0.        ,  0.        ,  0.        ,
        0.        ,  0.        ,  0.        ,  0.        ,  0.        ,
        0.        ,  0.        ,  0.        ,  0.        ,  0.        ,
        0.        ,  0.        ,  0.        ,  0.        ,  0.        ,
        0.        ,  0.        ,  0.        ,  0.        ,  0.        ,
        0.        ,  0.        , -0.01096464,  0.        ,  0.        ,
        0.        ,  0.        ,  0.        ,  0.        ,  0.        ,
        0.        ,  0.        ,  0.        ,  0.        ,  0.        ,
        0.        ,  0.        ,  0.00969426,  0.        ,  0.        ,
        0.        ,  0.        ,  0.        ,  0.        ,  0.        ,
        0.        ,  0.        ,  0.        ,  0.        , -0.00912953,
        0.        ,  0.        ,  0.        ,  0.        , -0.01139991,
        0.        ,  0.        ,  0.        ,  0.        ,  0.        ,
        0.        ,  0.        ,  0.        ,  0.        ,  0.        ,
        0.        ,  0.        ,  0.        ,  0.        ,  0.        ,
        0.        ,  0.        ,  0.        ,  0.        ,  0.        ,
        0.        ,  0.        ,  0.        ,  0.        ,  0.        ,
        0.        ,  0.        ,  0.        ,  0.        ,  0.        ,
        0.        ,  0.        ,  0.        ,  0.        ,  0.        ,
        0.        ,  0.        ,  0.        ,  0.        ,  0.        ,
        0.        ,  0.        ,  0.        ,  0.        ,  0.01097946,
        0.        ,  0.        ,  0.        ,  0.        ,  0.        ,
        0.        ,  0.        ,  0.        ,  0.        ,  0.        ,
        0.        ,  0.        ])
21:21:53 | INFO     | num_full_subsets = 0
21:21:53 | INFO     | remaining_weight_vector = array([0.1720551 , 0.08648033, 0.0579586 , 0.04370017, 0.03514709,
       0.02944671, 0.02537647, 0.02232508, 0.01995296, 0.01805633,
       0.01650554, 0.01521413, 0.01412227, 0.01318721, 0.0123776 ,
       0.01166993, 0.01104623, 0.0104925 , 0.00999773, 0.00955306,
       0.00915136, 0.00878677, 0.00845447, 0.00815043, 0.00787126,
       0.00761412, 0.00737655, 0.00715647, 0.00695209, 0.00676184,
       0.00658436, 0.00641846, 0.00626311, 0.00611737, 0.00598044,
       0.00585159, 0.00573017, 0.00561561, 0.00550738, 0.00540502,
       0.00530811, 0.00521627, 0.00512916, 0.00504646, 0.00496788,
       0.00489317, 0.00482209, 0.00475442, 0.00468996, 0.00462852,
       0.00456995, 0.00451408, 0.00446077, 0.00440989, 0.00436132,
       0.00431493, 0.00427063, 0.00422832, 0.00418791, 0.00414931,
       0.00411244, 0.00407724, 0.00404362, 0.00401154, 0.00398092,
       0.00395172, 0.00392388, 0.00389736, 0.0038721 , 0.00384807,
       0.00382523, 0.00380353, 0.00378295, 0.00376346, 0.00374502,
       0.0037276 , 0.00371118, 0.00369574, 0.00368125, 0.00366769,
       0.00365505, 0.0036433 , 0.00363242, 0.00362241, 0.00361325,
       0.00360493, 0.00359743, 0.00359075, 0.00358487, 0.0035798 ,
       0.00357551, 0.00357201, 0.0035693 , 0.00356736, 0.0035662 ,
       0.00356581])
21:21:53 | INFO     | num_paired_subset_sizes = 95
21:21:53 | INFO     | weight_left = np.float64(1.0)
21:22:35 | INFO     | np.sum(w_aug) = np.float64(192.0)
21:22:35 | INFO     | np.sum(self.kernelWeights) = np.float64(0.9999999999999999)
21:22:35 | INFO     | phi = array([ 0.        ,  0.00191747, -0.06654916,  0.        ,  0.        ,
        0.        ,  0.00874795,  0.        ,  0.        ,  0.        ,
        0.        ,  0.        ,  0.        ,  0.        ,  0.        ,
        0.        ,  0.        ,  0.        ,  0.        ,  0.        ,
        0.        ,  0.        ,  0.        ,  0.        ,  0.        ,
        0.        ,  0.        ,  0.        ,  0.        ,  0.        ,
        0.        ,  0.        ,  0.        ,  0.        ,  0.        ,
        0.        ,  0.        ,  0.        ,  0.        ,  0.00357236,
        0.        ,  0.        ,  0.        ,  0.        ,  0.        ,
       -0.02070343,  0.        ,  0.        ,  0.        ,  0.        ,
        0.        ,  0.        ,  0.        ,  0.        ,  0.        ,
        0.        ,  0.        ,  0.        ,  0.        ,  0.        ,
        0.        ,  0.        ,  0.        ,  0.        ,  0.        ,
        0.        ,  0.        ,  0.        ,  0.00522055,  0.        ,
        0.        ,  0.01344428,  0.        ,  0.        ,  0.        ,
        0.        ,  0.        ,  0.        ,  0.        ,  0.        ,
        0.        ,  0.        ,  0.        ,  0.        ,  0.        ,
        0.        ,  0.        ,  0.        ,  0.        ,  0.        ,
        0.        ,  0.        ,  0.        ,  0.        ,  0.        ,
        0.        ,  0.        ,  0.        ,  0.00247511,  0.        ,
        0.        ,  0.        ,  0.        ,  0.        ,  0.        ,
        0.        ,  0.        ,  0.        ,  0.        ,  0.        ,
        0.        ,  0.        ,  0.        ,  0.        ,  0.        ,
        0.        ,  0.        ,  0.        ,  0.        ,  0.        ,
        0.        ,  0.        ,  0.        ,  0.        ,  0.        ,
        0.        ,  0.        ,  0.        ,  0.        ,  0.        ,
        0.        ,  0.        ,  0.01263201,  0.        ,  0.        ,
        0.        ,  0.        ,  0.        ,  0.        ,  0.        ,
        0.        ,  0.        ,  0.        ,  0.        ,  0.        ,
        0.        ,  0.        ,  0.        ,  0.        ,  0.        ,
        0.        ,  0.        ,  0.        ,  0.        ,  0.        ,
        0.        ,  0.        ,  0.        ,  0.        ,  0.        ,
        0.        ,  0.        ,  0.        ,  0.        ,  0.        ,
        0.        ,  0.        ,  0.        ,  0.        ,  0.        ,
        0.        ,  0.        ,  0.        ,  0.        ,  0.        ,
        0.        ,  0.        ,  0.        ,  0.        ,  0.02088079,
        0.        ,  0.        ,  0.        ,  0.        ,  0.        ,
        0.        ,  0.        ,  0.        ,  0.        ,  0.        ,
        0.        ,  0.        ])
21:22:35 | INFO     | np.sum(w_aug) = np.float64(192.0)
21:22:35 | INFO     | np.sum(self.kernelWeights) = np.float64(0.9999999999999999)
21:22:35 | INFO     | phi = array([ 0.        , -0.00191747,  0.06654915,  0.        ,  0.        ,
        0.        , -0.00874796,  0.        ,  0.        ,  0.        ,
        0.        ,  0.        ,  0.        ,  0.        ,  0.        ,
        0.        ,  0.        ,  0.        ,  0.        ,  0.        ,
        0.        ,  0.        ,  0.        ,  0.        ,  0.        ,
        0.        ,  0.        ,  0.        ,  0.        ,  0.        ,
        0.        ,  0.        ,  0.        ,  0.        ,  0.        ,
        0.        ,  0.        ,  0.        ,  0.        , -0.00357235,
        0.        ,  0.        ,  0.        ,  0.        ,  0.        ,
        0.02070343,  0.        ,  0.        ,  0.        ,  0.        ,
        0.        ,  0.        ,  0.        ,  0.        ,  0.        ,
        0.        ,  0.        ,  0.        ,  0.        ,  0.        ,
        0.        ,  0.        ,  0.        ,  0.        ,  0.        ,
        0.        ,  0.        ,  0.        , -0.00522054,  0.        ,
        0.        , -0.01344428,  0.        ,  0.        ,  0.        ,
        0.        ,  0.        ,  0.        ,  0.        ,  0.        ,
        0.        ,  0.        ,  0.        ,  0.        ,  0.        ,
        0.        ,  0.        ,  0.        ,  0.        ,  0.        ,
        0.        ,  0.        ,  0.        ,  0.        ,  0.        ,
        0.        ,  0.        ,  0.        , -0.00247513,  0.        ,
        0.        ,  0.        ,  0.        ,  0.        ,  0.        ,
        0.        ,  0.        ,  0.        ,  0.        ,  0.        ,
        0.        ,  0.        ,  0.        ,  0.        ,  0.        ,
        0.        ,  0.        ,  0.        ,  0.        ,  0.        ,
        0.        ,  0.        ,  0.        ,  0.        ,  0.        ,
        0.        ,  0.        ,  0.        ,  0.        ,  0.        ,
        0.        ,  0.        , -0.01263202,  0.        ,  0.        ,
        0.        ,  0.        ,  0.        ,  0.        ,  0.        ,
        0.        ,  0.        ,  0.        ,  0.        ,  0.        ,
        0.        ,  0.        ,  0.        ,  0.        ,  0.        ,
        0.        ,  0.        ,  0.        ,  0.        ,  0.        ,
        0.        ,  0.        ,  0.        ,  0.        ,  0.        ,
        0.        ,  0.        ,  0.        ,  0.        ,  0.        ,
        0.        ,  0.        ,  0.        ,  0.        ,  0.        ,
        0.        ,  0.        ,  0.        ,  0.        ,  0.        ,
        0.        ,  0.        ,  0.        ,  0.        , -0.0208808 ,
        0.        ,  0.        ,  0.        ,  0.        ,  0.        ,
        0.        ,  0.        ,  0.        ,  0.        ,  0.        ,
        0.        ,  0.        ])
21:22:35 | INFO     | num_full_subsets = 0
21:22:35 | INFO     | remaining_weight_vector = array([0.1720551 , 0.08648033, 0.0579586 , 0.04370017, 0.03514709,
       0.02944671, 0.02537647, 0.02232508, 0.01995296, 0.01805633,
       0.01650554, 0.01521413, 0.01412227, 0.01318721, 0.0123776 ,
       0.01166993, 0.01104623, 0.0104925 , 0.00999773, 0.00955306,
       0.00915136, 0.00878677, 0.00845447, 0.00815043, 0.00787126,
       0.00761412, 0.00737655, 0.00715647, 0.00695209, 0.00676184,
       0.00658436, 0.00641846, 0.00626311, 0.00611737, 0.00598044,
       0.00585159, 0.00573017, 0.00561561, 0.00550738, 0.00540502,
       0.00530811, 0.00521627, 0.00512916, 0.00504646, 0.00496788,
       0.00489317, 0.00482209, 0.00475442, 0.00468996, 0.00462852,
       0.00456995, 0.00451408, 0.00446077, 0.00440989, 0.00436132,
       0.00431493, 0.00427063, 0.00422832, 0.00418791, 0.00414931,
       0.00411244, 0.00407724, 0.00404362, 0.00401154, 0.00398092,
       0.00395172, 0.00392388, 0.00389736, 0.0038721 , 0.00384807,
       0.00382523, 0.00380353, 0.00378295, 0.00376346, 0.00374502,
       0.0037276 , 0.00371118, 0.00369574, 0.00368125, 0.00366769,
       0.00365505, 0.0036433 , 0.00363242, 0.00362241, 0.00361325,
       0.00360493, 0.00359743, 0.00359075, 0.00358487, 0.0035798 ,
       0.00357551, 0.00357201, 0.0035693 , 0.00356736, 0.0035662 ,
       0.00356581])
21:22:35 | INFO     | num_paired_subset_sizes = 95
21:22:35 | INFO     | weight_left = np.float64(1.0)
21:23:16 | INFO     | np.sum(w_aug) = np.float64(192.0)
21:23:16 | INFO     | np.sum(self.kernelWeights) = np.float64(0.9999999999999999)
21:23:16 | INFO     | phi = array([ 0.        ,  0.01282284,  0.        ,  0.        ,  0.        ,
        0.        ,  0.        ,  0.0535339 ,  0.        ,  0.        ,
        0.        ,  0.        ,  0.        ,  0.        ,  0.        ,
        0.01106465,  0.        ,  0.        ,  0.        ,  0.        ,
        0.        ,  0.        ,  0.        ,  0.        ,  0.        ,
        0.        ,  0.        ,  0.        ,  0.00569428,  0.        ,
        0.        ,  0.        ,  0.        ,  0.        ,  0.        ,
        0.        ,  0.        ,  0.        ,  0.        ,  0.        ,
        0.        ,  0.        ,  0.        ,  0.        ,  0.        ,
        0.        ,  0.        ,  0.        ,  0.        ,  0.        ,
        0.        ,  0.        ,  0.        ,  0.        ,  0.        ,
        0.        ,  0.        ,  0.        ,  0.        ,  0.        ,
        0.        ,  0.        ,  0.        , -0.00781795,  0.        ,
       -0.06302941,  0.        ,  0.        ,  0.        ,  0.        ,
        0.        ,  0.        ,  0.        ,  0.        ,  0.        ,
        0.        ,  0.        ,  0.        ,  0.        ,  0.        ,
        0.        ,  0.        ,  0.        ,  0.        ,  0.        ,
        0.        ,  0.        ,  0.        ,  0.        ,  0.        ,
        0.        ,  0.        ,  0.        ,  0.        ,  0.        ,
        0.        ,  0.        ,  0.        ,  0.        ,  0.        ,
        0.        ,  0.        ,  0.        ,  0.        ,  0.        ,
        0.        ,  0.        ,  0.        ,  0.        ,  0.        ,
       -0.00955116,  0.        ,  0.        ,  0.        ,  0.        ,
        0.        ,  0.        ,  0.        ,  0.        ,  0.        ,
        0.        ,  0.        ,  0.        ,  0.        ,  0.        ,
        0.        ,  0.        ,  0.01739048,  0.        ,  0.        ,
        0.        ,  0.        ,  0.        ,  0.        ,  0.01491027,
        0.        ,  0.        ,  0.        ,  0.        ,  0.        ,
        0.        ,  0.        ,  0.        ,  0.        ,  0.        ,
        0.        ,  0.        ,  0.        ,  0.        ,  0.        ,
        0.        ,  0.        ,  0.        ,  0.        ,  0.        ,
        0.        ,  0.        ,  0.        ,  0.        ,  0.        ,
        0.        ,  0.        ,  0.        ,  0.        ,  0.        ,
        0.00498055,  0.        ,  0.        ,  0.        ,  0.        ,
        0.        ,  0.        ,  0.        ,  0.        ,  0.        ,
        0.        ,  0.        ,  0.        ,  0.        ,  0.        ,
        0.        ,  0.        ,  0.        ,  0.        ,  0.        ,
        0.        ,  0.        ,  0.        ,  0.        ,  0.        ,
        0.        ,  0.        ])
21:23:16 | INFO     | np.sum(w_aug) = np.float64(192.0)
21:23:16 | INFO     | np.sum(self.kernelWeights) = np.float64(0.9999999999999999)
21:23:16 | INFO     | phi = array([ 0.        , -0.01282284,  0.        ,  0.        ,  0.        ,
        0.        ,  0.        , -0.05353388,  0.        ,  0.        ,
        0.        ,  0.        ,  0.        ,  0.        ,  0.        ,
       -0.01106468,  0.        ,  0.        ,  0.        ,  0.        ,
        0.        ,  0.        ,  0.        ,  0.        ,  0.        ,
        0.        ,  0.        ,  0.        , -0.00569428,  0.        ,
        0.        ,  0.        ,  0.        ,  0.        ,  0.        ,
        0.        ,  0.        ,  0.        ,  0.        ,  0.        ,
        0.        ,  0.        ,  0.        ,  0.        ,  0.        ,
        0.        ,  0.        ,  0.        ,  0.        ,  0.        ,
        0.        ,  0.        ,  0.        ,  0.        ,  0.        ,
        0.        ,  0.        ,  0.        ,  0.        ,  0.        ,
        0.        ,  0.        ,  0.        ,  0.00781793,  0.        ,
        0.06302943,  0.        ,  0.        ,  0.        ,  0.        ,
        0.        ,  0.        ,  0.        ,  0.        ,  0.        ,
        0.        ,  0.        ,  0.        ,  0.        ,  0.        ,
        0.        ,  0.        ,  0.        ,  0.        ,  0.        ,
        0.        ,  0.        ,  0.        ,  0.        ,  0.        ,
        0.        ,  0.        ,  0.        ,  0.        ,  0.        ,
        0.        ,  0.        ,  0.        ,  0.        ,  0.        ,
        0.        ,  0.        ,  0.        ,  0.        ,  0.        ,
        0.        ,  0.        ,  0.        ,  0.        ,  0.        ,
        0.00955114,  0.        ,  0.        ,  0.        ,  0.        ,
        0.        ,  0.        ,  0.        ,  0.        ,  0.        ,
        0.        ,  0.        ,  0.        ,  0.        ,  0.        ,
        0.        ,  0.        , -0.01739049,  0.        ,  0.        ,
        0.        ,  0.        ,  0.        ,  0.        , -0.01491028,
        0.        ,  0.        ,  0.        ,  0.        ,  0.        ,
        0.        ,  0.        ,  0.        ,  0.        ,  0.        ,
        0.        ,  0.        ,  0.        ,  0.        ,  0.        ,
        0.        ,  0.        ,  0.        ,  0.        ,  0.        ,
        0.        ,  0.        ,  0.        ,  0.        ,  0.        ,
        0.        ,  0.        ,  0.        ,  0.        ,  0.        ,
       -0.00498058,  0.        ,  0.        ,  0.        ,  0.        ,
        0.        ,  0.        ,  0.        ,  0.        ,  0.        ,
        0.        ,  0.        ,  0.        ,  0.        ,  0.        ,
        0.        ,  0.        ,  0.        ,  0.        ,  0.        ,
        0.        ,  0.        ,  0.        ,  0.        ,  0.        ,
        0.        ,  0.        ])
21:23:16 | INFO     | num_full_subsets = 0
21:23:16 | INFO     | remaining_weight_vector = array([0.1720551 , 0.08648033, 0.0579586 , 0.04370017, 0.03514709,
       0.02944671, 0.02537647, 0.02232508, 0.01995296, 0.01805633,
       0.01650554, 0.01521413, 0.01412227, 0.01318721, 0.0123776 ,
       0.01166993, 0.01104623, 0.0104925 , 0.00999773, 0.00955306,
       0.00915136, 0.00878677, 0.00845447, 0.00815043, 0.00787126,
       0.00761412, 0.00737655, 0.00715647, 0.00695209, 0.00676184,
       0.00658436, 0.00641846, 0.00626311, 0.00611737, 0.00598044,
       0.00585159, 0.00573017, 0.00561561, 0.00550738, 0.00540502,
       0.00530811, 0.00521627, 0.00512916, 0.00504646, 0.00496788,
       0.00489317, 0.00482209, 0.00475442, 0.00468996, 0.00462852,
       0.00456995, 0.00451408, 0.00446077, 0.00440989, 0.00436132,
       0.00431493, 0.00427063, 0.00422832, 0.00418791, 0.00414931,
       0.00411244, 0.00407724, 0.00404362, 0.00401154, 0.00398092,
       0.00395172, 0.00392388, 0.00389736, 0.0038721 , 0.00384807,
       0.00382523, 0.00380353, 0.00378295, 0.00376346, 0.00374502,
       0.0037276 , 0.00371118, 0.00369574, 0.00368125, 0.00366769,
       0.00365505, 0.0036433 , 0.00363242, 0.00362241, 0.00361325,
       0.00360493, 0.00359743, 0.00359075, 0.00358487, 0.0035798 ,
       0.00357551, 0.00357201, 0.0035693 , 0.00356736, 0.0035662 ,
       0.00356581])
21:23:16 | INFO     | num_paired_subset_sizes = 95
21:23:16 | INFO     | weight_left = np.float64(1.0)
21:23:58 | INFO     | np.sum(w_aug) = np.float64(192.0)
21:23:58 | INFO     | np.sum(self.kernelWeights) = np.float64(0.9999999999999999)
21:23:58 | INFO     | phi = array([ 0.        , -0.05211194,  0.28035707,  0.        ,  0.        ,
        0.        ,  0.        ,  0.01961594,  0.        ,  0.        ,
        0.        ,  0.        ,  0.        ,  0.        ,  0.        ,
        0.        ,  0.        ,  0.        ,  0.        ,  0.        ,
       -0.01486864,  0.        ,  0.        ,  0.        ,  0.        ,
        0.        ,  0.        ,  0.        ,  0.        ,  0.        ,
        0.        ,  0.        ,  0.        ,  0.        ,  0.        ,
        0.        ,  0.        ,  0.        ,  0.        ,  0.00693291,
        0.        ,  0.        ,  0.        ,  0.        ,  0.        ,
        0.        ,  0.        ,  0.        ,  0.        ,  0.        ,
        0.        ,  0.        ,  0.        ,  0.        ,  0.        ,
        0.        ,  0.        ,  0.        ,  0.        ,  0.        ,
        0.        ,  0.        ,  0.        ,  0.        ,  0.07032077,
        0.        ,  0.        ,  0.        ,  0.        ,  0.        ,
        0.        ,  0.        ,  0.        ,  0.        ,  0.        ,
        0.        ,  0.        ,  0.        ,  0.        , -0.01391111,
        0.        ,  0.        ,  0.        ,  0.        ,  0.        ,
        0.        ,  0.        ,  0.        ,  0.        ,  0.        ,
        0.        ,  0.        ,  0.        ,  0.        ,  0.        ,
        0.        ,  0.        ,  0.        ,  0.        ,  0.        ,
        0.        ,  0.        , -0.01466487,  0.        ,  0.        ,
        0.        ,  0.        ,  0.        ,  0.        ,  0.        ,
        0.        ,  0.        ,  0.        ,  0.        ,  0.        ,
        0.        ,  0.        ,  0.        ,  0.        ,  0.        ,
        0.        ,  0.        ,  0.        ,  0.        ,  0.        ,
        0.        , -0.03083656,  0.        ,  0.        ,  0.        ,
        0.        ,  0.        ,  0.        ,  0.        ,  0.        ,
        0.        ,  0.        ,  0.        ,  0.        ,  0.        ,
        0.        ,  0.        ,  0.        ,  0.        ,  0.        ,
        0.        ,  0.        ,  0.        ,  0.        ,  0.        ,
        0.        ,  0.        ,  0.        ,  0.        ,  0.        ,
        0.        ,  0.        ,  0.        ,  0.        ,  0.        ,
        0.        ,  0.        ,  0.        ,  0.        ,  0.        ,
        0.        ,  0.        ,  0.        ,  0.        ,  0.        ,
        0.        ,  0.        ,  0.        ,  0.        ,  0.        ,
        0.        ,  0.        ,  0.        ,  0.        ,  0.        ,
        0.        ,  0.        ,  0.        ,  0.        ,  0.        ,
       -0.01626946,  0.        ,  0.        ,  0.        ,  0.        ,
        0.        ,  0.        ])
21:23:58 | INFO     | np.sum(w_aug) = np.float64(192.0)
21:23:58 | INFO     | np.sum(self.kernelWeights) = np.float64(0.9999999999999999)
21:23:58 | INFO     | phi = array([ 0.        ,  0.05211194, -0.28035706,  0.        ,  0.        ,
        0.        ,  0.        , -0.01961595,  0.        ,  0.        ,
        0.        ,  0.        ,  0.        ,  0.        ,  0.        ,
        0.        ,  0.        ,  0.        ,  0.        ,  0.        ,
        0.01486865,  0.        ,  0.        ,  0.        ,  0.        ,
        0.        ,  0.        ,  0.        ,  0.        ,  0.        ,
        0.        ,  0.        ,  0.        ,  0.        ,  0.        ,
        0.        ,  0.        ,  0.        ,  0.        , -0.00693291,
        0.        ,  0.        ,  0.        ,  0.        ,  0.        ,
        0.        ,  0.        ,  0.        ,  0.        ,  0.        ,
        0.        ,  0.        ,  0.        ,  0.        ,  0.        ,
        0.        ,  0.        ,  0.        ,  0.        ,  0.        ,
        0.        ,  0.        ,  0.        ,  0.        , -0.07032076,
        0.        ,  0.        ,  0.        ,  0.        ,  0.        ,
        0.        ,  0.        ,  0.        ,  0.        ,  0.        ,
        0.        ,  0.        ,  0.        ,  0.        ,  0.01391109,
        0.        ,  0.        ,  0.        ,  0.        ,  0.        ,
        0.        ,  0.        ,  0.        ,  0.        ,  0.        ,
        0.        ,  0.        ,  0.        ,  0.        ,  0.        ,
        0.        ,  0.        ,  0.        ,  0.        ,  0.        ,
        0.        ,  0.        ,  0.01466488,  0.        ,  0.        ,
        0.        ,  0.        ,  0.        ,  0.        ,  0.        ,
        0.        ,  0.        ,  0.        ,  0.        ,  0.        ,
        0.        ,  0.        ,  0.        ,  0.        ,  0.        ,
        0.        ,  0.        ,  0.        ,  0.        ,  0.        ,
        0.        ,  0.03083657,  0.        ,  0.        ,  0.        ,
        0.        ,  0.        ,  0.        ,  0.        ,  0.        ,
        0.        ,  0.        ,  0.        ,  0.        ,  0.        ,
        0.        ,  0.        ,  0.        ,  0.        ,  0.        ,
        0.        ,  0.        ,  0.        ,  0.        ,  0.        ,
        0.        ,  0.        ,  0.        ,  0.        ,  0.        ,
        0.        ,  0.        ,  0.        ,  0.        ,  0.        ,
        0.        ,  0.        ,  0.        ,  0.        ,  0.        ,
        0.        ,  0.        ,  0.        ,  0.        ,  0.        ,
        0.        ,  0.        ,  0.        ,  0.        ,  0.        ,
        0.        ,  0.        ,  0.        ,  0.        ,  0.        ,
        0.        ,  0.        ,  0.        ,  0.        ,  0.        ,
        0.01626946,  0.        ,  0.        ,  0.        ,  0.        ,
        0.        ,  0.        ])
21:23:58 | INFO     | num_full_subsets = 0
21:23:58 | INFO     | remaining_weight_vector = array([0.1720551 , 0.08648033, 0.0579586 , 0.04370017, 0.03514709,
       0.02944671, 0.02537647, 0.02232508, 0.01995296, 0.01805633,
       0.01650554, 0.01521413, 0.01412227, 0.01318721, 0.0123776 ,
       0.01166993, 0.01104623, 0.0104925 , 0.00999773, 0.00955306,
       0.00915136, 0.00878677, 0.00845447, 0.00815043, 0.00787126,
       0.00761412, 0.00737655, 0.00715647, 0.00695209, 0.00676184,
       0.00658436, 0.00641846, 0.00626311, 0.00611737, 0.00598044,
       0.00585159, 0.00573017, 0.00561561, 0.00550738, 0.00540502,
       0.00530811, 0.00521627, 0.00512916, 0.00504646, 0.00496788,
       0.00489317, 0.00482209, 0.00475442, 0.00468996, 0.00462852,
       0.00456995, 0.00451408, 0.00446077, 0.00440989, 0.00436132,
       0.00431493, 0.00427063, 0.00422832, 0.00418791, 0.00414931,
       0.00411244, 0.00407724, 0.00404362, 0.00401154, 0.00398092,
       0.00395172, 0.00392388, 0.00389736, 0.0038721 , 0.00384807,
       0.00382523, 0.00380353, 0.00378295, 0.00376346, 0.00374502,
       0.0037276 , 0.00371118, 0.00369574, 0.00368125, 0.00366769,
       0.00365505, 0.0036433 , 0.00363242, 0.00362241, 0.00361325,
       0.00360493, 0.00359743, 0.00359075, 0.00358487, 0.0035798 ,
       0.00357551, 0.00357201, 0.0035693 , 0.00356736, 0.0035662 ,
       0.00356581])
21:23:58 | INFO     | num_paired_subset_sizes = 95
21:23:58 | INFO     | weight_left = np.float64(1.0)
21:24:39 | INFO     | np.sum(w_aug) = np.float64(192.0)
21:24:39 | INFO     | np.sum(self.kernelWeights) = np.float64(0.9999999999999999)
21:24:39 | INFO     | phi = array([ 0.        ,  0.        ,  0.        ,  0.        ,  0.        ,
        0.        ,  0.        ,  0.        ,  0.        ,  0.        ,
        0.        ,  0.        ,  0.        ,  0.        ,  0.        ,
        0.        ,  0.        ,  0.        ,  0.        ,  0.        ,
        0.        ,  0.        ,  0.        ,  0.        ,  0.        ,
        0.        ,  0.        ,  0.        ,  0.        ,  0.        ,
        0.        ,  0.        ,  0.        ,  0.        ,  0.        ,
        0.        ,  0.        ,  0.        ,  0.        ,  0.        ,
        0.        ,  0.        ,  0.        ,  0.        ,  0.        ,
        0.        ,  0.        ,  0.        ,  0.        ,  0.        ,
        0.        ,  0.        ,  0.        ,  0.        ,  0.        ,
        0.        ,  0.        ,  0.        ,  0.        ,  0.        ,
        0.        ,  0.        ,  0.        ,  0.        ,  0.01248206,
       -0.02824643, -0.04508812,  0.        ,  0.        , -0.02400002,
        0.        ,  0.        ,  0.        ,  0.        ,  0.        ,
        0.        ,  0.        ,  0.        ,  0.        ,  0.        ,
        0.        ,  0.        ,  0.        ,  0.        ,  0.        ,
       -0.00262374,  0.        ,  0.        ,  0.        ,  0.        ,
        0.        ,  0.        ,  0.        ,  0.        ,  0.        ,
        0.        ,  0.        ,  0.        ,  0.        ,  0.        ,
        0.        ,  0.        ,  0.        ,  0.        ,  0.02496282,
        0.        ,  0.        ,  0.        ,  0.        ,  0.        ,
        0.        ,  0.        ,  0.        ,  0.        , -0.00688109,
        0.        ,  0.        ,  0.        ,  0.        ,  0.        ,
        0.        ,  0.        ,  0.        ,  0.        ,  0.        ,
        0.00720027,  0.        ,  0.        ,  0.        ,  0.        ,
        0.        ,  0.        ,  0.        ,  0.        ,  0.        ,
        0.        ,  0.        ,  0.        ,  0.        ,  0.        ,
        0.        ,  0.        ,  0.        ,  0.        ,  0.        ,
        0.        ,  0.        ,  0.        ,  0.        ,  0.        ,
        0.        ,  0.        ,  0.        ,  0.        ,  0.        ,
        0.        ,  0.        ,  0.        ,  0.        ,  0.03849721,
        0.        ,  0.        ,  0.        ,  0.        ,  0.        ,
        0.        ,  0.        ,  0.        ,  0.        ,  0.        ,
        0.        ,  0.        ,  0.        ,  0.        ,  0.        ,
        0.        ,  0.        ,  0.        ,  0.        ,  0.        ,
        0.        ,  0.        ,  0.        ,  0.        ,  0.        ,
        0.        , -0.01487161,  0.        ,  0.        ,  0.        ,
        0.        ,  0.        ])
21:24:39 | INFO     | np.sum(w_aug) = np.float64(192.0)
21:24:39 | INFO     | np.sum(self.kernelWeights) = np.float64(0.9999999999999999)
21:24:39 | INFO     | phi = array([ 0.        ,  0.        ,  0.        ,  0.        ,  0.        ,
        0.        ,  0.        ,  0.        ,  0.        ,  0.        ,
        0.        ,  0.        ,  0.        ,  0.        ,  0.        ,
        0.        ,  0.        ,  0.        ,  0.        ,  0.        ,
        0.        ,  0.        ,  0.        ,  0.        ,  0.        ,
        0.        ,  0.        ,  0.        ,  0.        ,  0.        ,
        0.        ,  0.        ,  0.        ,  0.        ,  0.        ,
        0.        ,  0.        ,  0.        ,  0.        ,  0.        ,
        0.        ,  0.        ,  0.        ,  0.        ,  0.        ,
        0.        ,  0.        ,  0.        ,  0.        ,  0.        ,
        0.        ,  0.        ,  0.        ,  0.        ,  0.        ,
        0.        ,  0.        ,  0.        ,  0.        ,  0.        ,
        0.        ,  0.        ,  0.        ,  0.        , -0.01248209,
        0.02824644,  0.04508814,  0.        ,  0.        ,  0.024     ,
        0.        ,  0.        ,  0.        ,  0.        ,  0.        ,
        0.        ,  0.        ,  0.        ,  0.        ,  0.        ,
        0.        ,  0.        ,  0.        ,  0.        ,  0.        ,
        0.00262376,  0.        ,  0.        ,  0.        ,  0.        ,
        0.        ,  0.        ,  0.        ,  0.        ,  0.        ,
        0.        ,  0.        ,  0.        ,  0.        ,  0.        ,
        0.        ,  0.        ,  0.        ,  0.        , -0.02496282,
        0.        ,  0.        ,  0.        ,  0.        ,  0.        ,
        0.        ,  0.        ,  0.        ,  0.        ,  0.00688105,
        0.        ,  0.        ,  0.        ,  0.        ,  0.        ,
        0.        ,  0.        ,  0.        ,  0.        ,  0.        ,
       -0.00720031,  0.        ,  0.        ,  0.        ,  0.        ,
        0.        ,  0.        ,  0.        ,  0.        ,  0.        ,
        0.        ,  0.        ,  0.        ,  0.        ,  0.        ,
        0.        ,  0.        ,  0.        ,  0.        ,  0.        ,
        0.        ,  0.        ,  0.        ,  0.        ,  0.        ,
        0.        ,  0.        ,  0.        ,  0.        ,  0.        ,
        0.        ,  0.        ,  0.        ,  0.        , -0.03849719,
        0.        ,  0.        ,  0.        ,  0.        ,  0.        ,
        0.        ,  0.        ,  0.        ,  0.        ,  0.        ,
        0.        ,  0.        ,  0.        ,  0.        ,  0.        ,
        0.        ,  0.        ,  0.        ,  0.        ,  0.        ,
        0.        ,  0.        ,  0.        ,  0.        ,  0.        ,
        0.        ,  0.01487158,  0.        ,  0.        ,  0.        ,
        0.        ,  0.        ])
21:24:39 | INFO     | num_full_subsets = 0
21:24:39 | INFO     | remaining_weight_vector = array([0.1720551 , 0.08648033, 0.0579586 , 0.04370017, 0.03514709,
       0.02944671, 0.02537647, 0.02232508, 0.01995296, 0.01805633,
       0.01650554, 0.01521413, 0.01412227, 0.01318721, 0.0123776 ,
       0.01166993, 0.01104623, 0.0104925 , 0.00999773, 0.00955306,
       0.00915136, 0.00878677, 0.00845447, 0.00815043, 0.00787126,
       0.00761412, 0.00737655, 0.00715647, 0.00695209, 0.00676184,
       0.00658436, 0.00641846, 0.00626311, 0.00611737, 0.00598044,
       0.00585159, 0.00573017, 0.00561561, 0.00550738, 0.00540502,
       0.00530811, 0.00521627, 0.00512916, 0.00504646, 0.00496788,
       0.00489317, 0.00482209, 0.00475442, 0.00468996, 0.00462852,
       0.00456995, 0.00451408, 0.00446077, 0.00440989, 0.00436132,
       0.00431493, 0.00427063, 0.00422832, 0.00418791, 0.00414931,
       0.00411244, 0.00407724, 0.00404362, 0.00401154, 0.00398092,
       0.00395172, 0.00392388, 0.00389736, 0.0038721 , 0.00384807,
       0.00382523, 0.00380353, 0.00378295, 0.00376346, 0.00374502,
       0.0037276 , 0.00371118, 0.00369574, 0.00368125, 0.00366769,
       0.00365505, 0.0036433 , 0.00363242, 0.00362241, 0.00361325,
       0.00360493, 0.00359743, 0.00359075, 0.00358487, 0.0035798 ,
       0.00357551, 0.00357201, 0.0035693 , 0.00356736, 0.0035662 ,
       0.00356581])
21:24:39 | INFO     | num_paired_subset_sizes = 95
21:24:39 | INFO     | weight_left = np.float64(1.0)
21:25:20 | INFO     | np.sum(w_aug) = np.float64(192.0)
21:25:20 | INFO     | np.sum(self.kernelWeights) = np.float64(0.9999999999999999)
21:25:20 | INFO     | phi = array([ 0.        ,  0.        , -0.10928717,  0.        , -0.03293786,
        0.        ,  0.        ,  0.0518654 ,  0.        ,  0.        ,
        0.        ,  0.        ,  0.        ,  0.        ,  0.        ,
        0.        ,  0.        ,  0.        ,  0.        ,  0.        ,
        0.        ,  0.        ,  0.        ,  0.        ,  0.        ,
        0.        ,  0.        ,  0.        ,  0.        ,  0.        ,
        0.        ,  0.        ,  0.00444575, -0.00550063,  0.        ,
        0.        ,  0.        ,  0.        ,  0.        , -0.00800111,
        0.        ,  0.        ,  0.        ,  0.        ,  0.        ,
        0.        ,  0.        ,  0.        ,  0.        ,  0.        ,
        0.        ,  0.        ,  0.        ,  0.        ,  0.        ,
        0.        ,  0.        ,  0.        ,  0.        ,  0.        ,
        0.        ,  0.        ,  0.        ,  0.        , -0.06537594,
        0.        ,  0.        ,  0.        ,  0.        ,  0.        ,
        0.        ,  0.        ,  0.        ,  0.        ,  0.        ,
        0.        ,  0.        ,  0.        ,  0.        ,  0.        ,
        0.        ,  0.        ,  0.        ,  0.        ,  0.        ,
        0.        ,  0.        ,  0.        ,  0.        ,  0.        ,
        0.        ,  0.        ,  0.        ,  0.        , -0.00259742,
        0.        ,  0.        ,  0.        ,  0.        ,  0.        ,
        0.        ,  0.        ,  0.        ,  0.        ,  0.        ,
        0.        ,  0.        ,  0.        ,  0.        ,  0.        ,
        0.        ,  0.        ,  0.        ,  0.        ,  0.        ,
        0.        ,  0.        ,  0.        ,  0.        ,  0.        ,
        0.        ,  0.        ,  0.        ,  0.        ,  0.        ,
        0.        ,  0.        ,  0.        , -0.02372515,  0.        ,
        0.        ,  0.        ,  0.        ,  0.        ,  0.        ,
        0.        ,  0.        ,  0.        ,  0.        ,  0.        ,
        0.        ,  0.        ,  0.        ,  0.        ,  0.        ,
        0.        ,  0.        ,  0.        ,  0.        ,  0.        ,
        0.        ,  0.        ,  0.        ,  0.        ,  0.        ,
        0.00152623,  0.        ,  0.        ,  0.        ,  0.        ,
        0.        ,  0.        ,  0.        ,  0.        ,  0.        ,
        0.        ,  0.        ,  0.        ,  0.        ,  0.        ,
        0.        ,  0.        ,  0.        ,  0.        ,  0.        ,
        0.        ,  0.        ,  0.        ,  0.        ,  0.        ,
        0.        ,  0.        ,  0.        ,  0.        ,  0.        ,
        0.        ,  0.        ,  0.        ,  0.        ,  0.        ,
        0.        ,  0.        ])
21:25:20 | INFO     | np.sum(w_aug) = np.float64(192.0)
21:25:20 | INFO     | np.sum(self.kernelWeights) = np.float64(0.9999999999999999)
21:25:20 | INFO     | phi = array([ 0.        ,  0.        ,  0.10928716,  0.        ,  0.03293786,
        0.        ,  0.        , -0.05186542,  0.        ,  0.        ,
        0.        ,  0.        ,  0.        ,  0.        ,  0.        ,
        0.        ,  0.        ,  0.        ,  0.        ,  0.        ,
        0.        ,  0.        ,  0.        ,  0.        ,  0.        ,
        0.        ,  0.        ,  0.        ,  0.        ,  0.        ,
        0.        ,  0.        , -0.00444576,  0.00550062,  0.        ,
        0.        ,  0.        ,  0.        ,  0.        ,  0.00800109,
        0.        ,  0.        ,  0.        ,  0.        ,  0.        ,
        0.        ,  0.        ,  0.        ,  0.        ,  0.        ,
        0.        ,  0.        ,  0.        ,  0.        ,  0.        ,
        0.        ,  0.        ,  0.        ,  0.        ,  0.        ,
        0.        ,  0.        ,  0.        ,  0.        ,  0.06537591,
        0.        ,  0.        ,  0.        ,  0.        ,  0.        ,
        0.        ,  0.        ,  0.        ,  0.        ,  0.        ,
        0.        ,  0.        ,  0.        ,  0.        ,  0.        ,
        0.        ,  0.        ,  0.        ,  0.        ,  0.        ,
        0.        ,  0.        ,  0.        ,  0.        ,  0.        ,
        0.        ,  0.        ,  0.        ,  0.        ,  0.00259744,
        0.        ,  0.        ,  0.        ,  0.        ,  0.        ,
        0.        ,  0.        ,  0.        ,  0.        ,  0.        ,
        0.        ,  0.        ,  0.        ,  0.        ,  0.        ,
        0.        ,  0.        ,  0.        ,  0.        ,  0.        ,
        0.        ,  0.        ,  0.        ,  0.        ,  0.        ,
        0.        ,  0.        ,  0.        ,  0.        ,  0.        ,
        0.        ,  0.        ,  0.        ,  0.0237252 ,  0.        ,
        0.        ,  0.        ,  0.        ,  0.        ,  0.        ,
        0.        ,  0.        ,  0.        ,  0.        ,  0.        ,
        0.        ,  0.        ,  0.        ,  0.        ,  0.        ,
        0.        ,  0.        ,  0.        ,  0.        ,  0.        ,
        0.        ,  0.        ,  0.        ,  0.        ,  0.        ,
       -0.00152626,  0.        ,  0.        ,  0.        ,  0.        ,
        0.        ,  0.        ,  0.        ,  0.        ,  0.        ,
        0.        ,  0.        ,  0.        ,  0.        ,  0.        ,
        0.        ,  0.        ,  0.        ,  0.        ,  0.        ,
        0.        ,  0.        ,  0.        ,  0.        ,  0.        ,
        0.        ,  0.        ,  0.        ,  0.        ,  0.        ,
        0.        ,  0.        ,  0.        ,  0.        ,  0.        ,
        0.        ,  0.        ])
21:25:20 | INFO     | num_full_subsets = 0
21:25:20 | INFO     | remaining_weight_vector = array([0.1720551 , 0.08648033, 0.0579586 , 0.04370017, 0.03514709,
       0.02944671, 0.02537647, 0.02232508, 0.01995296, 0.01805633,
       0.01650554, 0.01521413, 0.01412227, 0.01318721, 0.0123776 ,
       0.01166993, 0.01104623, 0.0104925 , 0.00999773, 0.00955306,
       0.00915136, 0.00878677, 0.00845447, 0.00815043, 0.00787126,
       0.00761412, 0.00737655, 0.00715647, 0.00695209, 0.00676184,
       0.00658436, 0.00641846, 0.00626311, 0.00611737, 0.00598044,
       0.00585159, 0.00573017, 0.00561561, 0.00550738, 0.00540502,
       0.00530811, 0.00521627, 0.00512916, 0.00504646, 0.00496788,
       0.00489317, 0.00482209, 0.00475442, 0.00468996, 0.00462852,
       0.00456995, 0.00451408, 0.00446077, 0.00440989, 0.00436132,
       0.00431493, 0.00427063, 0.00422832, 0.00418791, 0.00414931,
       0.00411244, 0.00407724, 0.00404362, 0.00401154, 0.00398092,
       0.00395172, 0.00392388, 0.00389736, 0.0038721 , 0.00384807,
       0.00382523, 0.00380353, 0.00378295, 0.00376346, 0.00374502,
       0.0037276 , 0.00371118, 0.00369574, 0.00368125, 0.00366769,
       0.00365505, 0.0036433 , 0.00363242, 0.00362241, 0.00361325,
       0.00360493, 0.00359743, 0.00359075, 0.00358487, 0.0035798 ,
       0.00357551, 0.00357201, 0.0035693 , 0.00356736, 0.0035662 ,
       0.00356581])
21:25:20 | INFO     | num_paired_subset_sizes = 95
21:25:20 | INFO     | weight_left = np.float64(1.0)
21:26:01 | INFO     | np.sum(w_aug) = np.float64(192.0)
21:26:01 | INFO     | np.sum(self.kernelWeights) = np.float64(0.9999999999999999)
21:26:01 | INFO     | phi = array([ 0.        ,  0.        , -0.05475929,  0.        ,  0.        ,
        0.02407691,  0.        ,  0.06022273,  0.        ,  0.        ,
        0.        ,  0.        ,  0.        ,  0.        ,  0.        ,
        0.        ,  0.        ,  0.        ,  0.        ,  0.        ,
        0.        ,  0.        ,  0.        ,  0.        ,  0.        ,
        0.        ,  0.        ,  0.        ,  0.        ,  0.        ,
        0.        ,  0.        ,  0.        ,  0.        ,  0.        ,
        0.        ,  0.        ,  0.        ,  0.        ,  0.        ,
        0.        ,  0.        ,  0.        ,  0.        ,  0.        ,
        0.        ,  0.        ,  0.        ,  0.        ,  0.        ,
        0.        ,  0.        ,  0.        ,  0.        ,  0.        ,
        0.        ,  0.        ,  0.        ,  0.        ,  0.        ,
        0.        ,  0.        ,  0.        ,  0.        ,  0.        ,
        0.        ,  0.        ,  0.        ,  0.        , -0.03305285,
        0.        ,  0.        ,  0.        ,  0.        ,  0.        ,
        0.        ,  0.        ,  0.02425531,  0.        ,  0.        ,
        0.        ,  0.        ,  0.        ,  0.        ,  0.        ,
        0.        ,  0.        ,  0.01020948,  0.        ,  0.        ,
        0.        ,  0.        ,  0.        ,  0.        ,  0.01630073,
        0.        ,  0.        ,  0.        ,  0.        ,  0.        ,
        0.        ,  0.        ,  0.        ,  0.        ,  0.        ,
        0.        ,  0.        ,  0.        ,  0.        ,  0.        ,
        0.        ,  0.        ,  0.        ,  0.        ,  0.        ,
        0.        ,  0.        ,  0.        ,  0.        ,  0.        ,
        0.        ,  0.        ,  0.        ,  0.        ,  0.        ,
        0.        ,  0.        ,  0.00589064, -0.01848119,  0.        ,
        0.        ,  0.        ,  0.        ,  0.        ,  0.        ,
        0.        ,  0.        ,  0.        ,  0.        ,  0.        ,
        0.        ,  0.        ,  0.        ,  0.        ,  0.        ,
        0.        ,  0.        ,  0.        ,  0.        ,  0.        ,
        0.        ,  0.        ,  0.        ,  0.        ,  0.        ,
        0.        ,  0.        ,  0.        ,  0.        ,  0.        ,
        0.        ,  0.        ,  0.        ,  0.        ,  0.        ,
        0.        ,  0.        ,  0.        ,  0.        ,  0.        ,
        0.        ,  0.        ,  0.        ,  0.        ,  0.        ,
        0.        ,  0.        ,  0.        ,  0.        ,  0.        ,
        0.        ,  0.        ,  0.        ,  0.00427846,  0.        ,
        0.        ,  0.        ,  0.        ,  0.        ,  0.        ,
        0.        ,  0.        ])
21:26:01 | INFO     | np.sum(w_aug) = np.float64(192.0)
21:26:01 | INFO     | np.sum(self.kernelWeights) = np.float64(0.9999999999999999)
21:26:01 | INFO     | phi = array([ 0.        ,  0.        ,  0.05475927,  0.        ,  0.        ,
       -0.02407692,  0.        , -0.06022271,  0.        ,  0.        ,
        0.        ,  0.        ,  0.        ,  0.        ,  0.        ,
        0.        ,  0.        ,  0.        ,  0.        ,  0.        ,
        0.        ,  0.        ,  0.        ,  0.        ,  0.        ,
        0.        ,  0.        ,  0.        ,  0.        ,  0.        ,
        0.        ,  0.        ,  0.        ,  0.        ,  0.        ,
        0.        ,  0.        ,  0.        ,  0.        ,  0.        ,
        0.        ,  0.        ,  0.        ,  0.        ,  0.        ,
        0.        ,  0.        ,  0.        ,  0.        ,  0.        ,
        0.        ,  0.        ,  0.        ,  0.        ,  0.        ,
        0.        ,  0.        ,  0.        ,  0.        ,  0.        ,
        0.        ,  0.        ,  0.        ,  0.        ,  0.        ,
        0.        ,  0.        ,  0.        ,  0.        ,  0.03305287,
        0.        ,  0.        ,  0.        ,  0.        ,  0.        ,
        0.        ,  0.        , -0.02425531,  0.        ,  0.        ,
        0.        ,  0.        ,  0.        ,  0.        ,  0.        ,
        0.        ,  0.        , -0.01020948,  0.        ,  0.        ,
        0.        ,  0.        ,  0.        ,  0.        , -0.01630072,
        0.        ,  0.        ,  0.        ,  0.        ,  0.        ,
        0.        ,  0.        ,  0.        ,  0.        ,  0.        ,
        0.        ,  0.        ,  0.        ,  0.        ,  0.        ,
        0.        ,  0.        ,  0.        ,  0.        ,  0.        ,
        0.        ,  0.        ,  0.        ,  0.        ,  0.        ,
        0.        ,  0.        ,  0.        ,  0.        ,  0.        ,
        0.        ,  0.        , -0.00589065,  0.01848119,  0.        ,
        0.        ,  0.        ,  0.        ,  0.        ,  0.        ,
        0.        ,  0.        ,  0.        ,  0.        ,  0.        ,
        0.        ,  0.        ,  0.        ,  0.        ,  0.        ,
        0.        ,  0.        ,  0.        ,  0.        ,  0.        ,
        0.        ,  0.        ,  0.        ,  0.        ,  0.        ,
        0.        ,  0.        ,  0.        ,  0.        ,  0.        ,
        0.        ,  0.        ,  0.        ,  0.        ,  0.        ,
        0.        ,  0.        ,  0.        ,  0.        ,  0.        ,
        0.        ,  0.        ,  0.        ,  0.        ,  0.        ,
        0.        ,  0.        ,  0.        ,  0.        ,  0.        ,
        0.        ,  0.        ,  0.        , -0.00427845,  0.        ,
        0.        ,  0.        ,  0.        ,  0.        ,  0.        ,
        0.        ,  0.        ])
21:26:01 | INFO     | num_full_subsets = 0
21:26:01 | INFO     | remaining_weight_vector = array([0.1720551 , 0.08648033, 0.0579586 , 0.04370017, 0.03514709,
       0.02944671, 0.02537647, 0.02232508, 0.01995296, 0.01805633,
       0.01650554, 0.01521413, 0.01412227, 0.01318721, 0.0123776 ,
       0.01166993, 0.01104623, 0.0104925 , 0.00999773, 0.00955306,
       0.00915136, 0.00878677, 0.00845447, 0.00815043, 0.00787126,
       0.00761412, 0.00737655, 0.00715647, 0.00695209, 0.00676184,
       0.00658436, 0.00641846, 0.00626311, 0.00611737, 0.00598044,
       0.00585159, 0.00573017, 0.00561561, 0.00550738, 0.00540502,
       0.00530811, 0.00521627, 0.00512916, 0.00504646, 0.00496788,
       0.00489317, 0.00482209, 0.00475442, 0.00468996, 0.00462852,
       0.00456995, 0.00451408, 0.00446077, 0.00440989, 0.00436132,
       0.00431493, 0.00427063, 0.00422832, 0.00418791, 0.00414931,
       0.00411244, 0.00407724, 0.00404362, 0.00401154, 0.00398092,
       0.00395172, 0.00392388, 0.00389736, 0.0038721 , 0.00384807,
       0.00382523, 0.00380353, 0.00378295, 0.00376346, 0.00374502,
       0.0037276 , 0.00371118, 0.00369574, 0.00368125, 0.00366769,
       0.00365505, 0.0036433 , 0.00363242, 0.00362241, 0.00361325,
       0.00360493, 0.00359743, 0.00359075, 0.00358487, 0.0035798 ,
       0.00357551, 0.00357201, 0.0035693 , 0.00356736, 0.0035662 ,
       0.00356581])
21:26:01 | INFO     | num_paired_subset_sizes = 95
21:26:01 | INFO     | weight_left = np.float64(1.0)
21:26:42 | INFO     | np.sum(w_aug) = np.float64(192.0)
21:26:42 | INFO     | np.sum(self.kernelWeights) = np.float64(0.9999999999999999)
21:26:42 | INFO     | phi = array([ 0.        ,  0.        ,  0.11152637,  0.        , -0.074723  ,
        0.        ,  0.        ,  0.        , -0.00676343,  0.        ,
        0.        ,  0.        ,  0.        ,  0.        ,  0.        ,
        0.        ,  0.        ,  0.        ,  0.        ,  0.        ,
        0.        ,  0.        ,  0.        ,  0.        ,  0.        ,
        0.        ,  0.        , -0.00882843,  0.        ,  0.        ,
        0.        ,  0.        ,  0.        ,  0.        ,  0.        ,
        0.        ,  0.        ,  0.        ,  0.        ,  0.        ,
        0.        ,  0.        ,  0.        ,  0.        ,  0.        ,
        0.        ,  0.        ,  0.        ,  0.        ,  0.        ,
        0.        ,  0.        ,  0.        ,  0.        ,  0.        ,
        0.        ,  0.        ,  0.        ,  0.        ,  0.        ,
        0.        ,  0.        ,  0.        ,  0.        ,  0.        ,
        0.        , -0.03783935,  0.        ,  0.        , -0.03759016,
        0.        ,  0.        ,  0.        ,  0.        ,  0.        ,
        0.        ,  0.        ,  0.        ,  0.        ,  0.        ,
        0.        ,  0.        ,  0.        ,  0.01471929,  0.        ,
        0.        ,  0.        ,  0.        ,  0.        ,  0.        ,
        0.        ,  0.        ,  0.        ,  0.        ,  0.        ,
        0.        ,  0.        ,  0.        ,  0.        ,  0.        ,
        0.        ,  0.        ,  0.        ,  0.        ,  0.        ,
        0.        ,  0.        ,  0.        ,  0.        ,  0.        ,
        0.        ,  0.        ,  0.        ,  0.        ,  0.        ,
        0.        ,  0.        ,  0.        ,  0.        ,  0.        ,
        0.00431466,  0.        ,  0.        ,  0.        ,  0.        ,
        0.        ,  0.        ,  0.        ,  0.        ,  0.        ,
        0.        ,  0.        ,  0.        ,  0.        ,  0.        ,
        0.        ,  0.        ,  0.        ,  0.        ,  0.        ,
        0.        ,  0.        ,  0.        ,  0.03189671,  0.        ,
        0.        ,  0.        ,  0.        ,  0.        ,  0.        ,
        0.00962937,  0.        ,  0.        ,  0.        ,  0.        ,
        0.        ,  0.        ,  0.        ,  0.        ,  0.        ,
        0.        ,  0.        ,  0.        ,  0.        ,  0.        ,
        0.        ,  0.        ,  0.        ,  0.        ,  0.        ,
        0.        ,  0.        ,  0.        ,  0.        ,  0.        ,
        0.        ,  0.        ,  0.        ,  0.        ,  0.        ,
        0.        ,  0.        ,  0.        ,  0.        ,  0.        ,
        0.        ,  0.        ,  0.        ,  0.        ,  0.        ,
        0.        ,  0.        ])
21:26:42 | INFO     | np.sum(w_aug) = np.float64(192.0)
21:26:42 | INFO     | np.sum(self.kernelWeights) = np.float64(0.9999999999999999)
21:26:42 | INFO     | phi = array([ 0.        ,  0.        , -0.11152635,  0.        ,  0.07472298,
        0.        ,  0.        ,  0.        ,  0.00676342,  0.        ,
        0.        ,  0.        ,  0.        ,  0.        ,  0.        ,
        0.        ,  0.        ,  0.        ,  0.        ,  0.        ,
        0.        ,  0.        ,  0.        ,  0.        ,  0.        ,
        0.        ,  0.        ,  0.00882844,  0.        ,  0.        ,
        0.        ,  0.        ,  0.        ,  0.        ,  0.        ,
        0.        ,  0.        ,  0.        ,  0.        ,  0.        ,
        0.        ,  0.        ,  0.        ,  0.        ,  0.        ,
        0.        ,  0.        ,  0.        ,  0.        ,  0.        ,
        0.        ,  0.        ,  0.        ,  0.        ,  0.        ,
        0.        ,  0.        ,  0.        ,  0.        ,  0.        ,
        0.        ,  0.        ,  0.        ,  0.        ,  0.        ,
        0.        ,  0.03783934,  0.        ,  0.        ,  0.03759016,
        0.        ,  0.        ,  0.        ,  0.        ,  0.        ,
        0.        ,  0.        ,  0.        ,  0.        ,  0.        ,
        0.        ,  0.        ,  0.        , -0.01471929,  0.        ,
        0.        ,  0.        ,  0.        ,  0.        ,  0.        ,
        0.        ,  0.        ,  0.        ,  0.        ,  0.        ,
        0.        ,  0.        ,  0.        ,  0.        ,  0.        ,
        0.        ,  0.        ,  0.        ,  0.        ,  0.        ,
        0.        ,  0.        ,  0.        ,  0.        ,  0.        ,
        0.        ,  0.        ,  0.        ,  0.        ,  0.        ,
        0.        ,  0.        ,  0.        ,  0.        ,  0.        ,
       -0.00431467,  0.        ,  0.        ,  0.        ,  0.        ,
        0.        ,  0.        ,  0.        ,  0.        ,  0.        ,
        0.        ,  0.        ,  0.        ,  0.        ,  0.        ,
        0.        ,  0.        ,  0.        ,  0.        ,  0.        ,
        0.        ,  0.        ,  0.        , -0.03189672,  0.        ,
        0.        ,  0.        ,  0.        ,  0.        ,  0.        ,
       -0.00962937,  0.        ,  0.        ,  0.        ,  0.        ,
        0.        ,  0.        ,  0.        ,  0.        ,  0.        ,
        0.        ,  0.        ,  0.        ,  0.        ,  0.        ,
        0.        ,  0.        ,  0.        ,  0.        ,  0.        ,
        0.        ,  0.        ,  0.        ,  0.        ,  0.        ,
        0.        ,  0.        ,  0.        ,  0.        ,  0.        ,
        0.        ,  0.        ,  0.        ,  0.        ,  0.        ,
        0.        ,  0.        ,  0.        ,  0.        ,  0.        ,
        0.        ,  0.        ])
21:26:42 | INFO     | num_full_subsets = 0
21:26:42 | INFO     | remaining_weight_vector = array([0.1720551 , 0.08648033, 0.0579586 , 0.04370017, 0.03514709,
       0.02944671, 0.02537647, 0.02232508, 0.01995296, 0.01805633,
       0.01650554, 0.01521413, 0.01412227, 0.01318721, 0.0123776 ,
       0.01166993, 0.01104623, 0.0104925 , 0.00999773, 0.00955306,
       0.00915136, 0.00878677, 0.00845447, 0.00815043, 0.00787126,
       0.00761412, 0.00737655, 0.00715647, 0.00695209, 0.00676184,
       0.00658436, 0.00641846, 0.00626311, 0.00611737, 0.00598044,
       0.00585159, 0.00573017, 0.00561561, 0.00550738, 0.00540502,
       0.00530811, 0.00521627, 0.00512916, 0.00504646, 0.00496788,
       0.00489317, 0.00482209, 0.00475442, 0.00468996, 0.00462852,
       0.00456995, 0.00451408, 0.00446077, 0.00440989, 0.00436132,
       0.00431493, 0.00427063, 0.00422832, 0.00418791, 0.00414931,
       0.00411244, 0.00407724, 0.00404362, 0.00401154, 0.00398092,
       0.00395172, 0.00392388, 0.00389736, 0.0038721 , 0.00384807,
       0.00382523, 0.00380353, 0.00378295, 0.00376346, 0.00374502,
       0.0037276 , 0.00371118, 0.00369574, 0.00368125, 0.00366769,
       0.00365505, 0.0036433 , 0.00363242, 0.00362241, 0.00361325,
       0.00360493, 0.00359743, 0.00359075, 0.00358487, 0.0035798 ,
       0.00357551, 0.00357201, 0.0035693 , 0.00356736, 0.0035662 ,
       0.00356581])
21:26:42 | INFO     | num_paired_subset_sizes = 95
21:26:42 | INFO     | weight_left = np.float64(1.0)
21:27:23 | INFO     | np.sum(w_aug) = np.float64(192.0)
21:27:23 | INFO     | np.sum(self.kernelWeights) = np.float64(0.9999999999999999)
21:27:23 | INFO     | phi = array([ 0.        ,  0.0111034 ,  0.        ,  0.        , -0.03877789,
        0.        ,  0.        ,  0.06110497,  0.        ,  0.        ,
        0.        ,  0.        ,  0.        ,  0.        ,  0.        ,
        0.        ,  0.        ,  0.        ,  0.        ,  0.        ,
        0.        ,  0.        ,  0.        ,  0.        ,  0.        ,
        0.        ,  0.        ,  0.        ,  0.00330664,  0.        ,
        0.        ,  0.        ,  0.        ,  0.        ,  0.        ,
        0.        ,  0.        ,  0.        ,  0.00400647,  0.        ,
        0.        ,  0.        ,  0.        ,  0.        ,  0.        ,
        0.        ,  0.        ,  0.        ,  0.        ,  0.        ,
        0.        ,  0.        ,  0.00105217,  0.        ,  0.        ,
        0.01709742,  0.        ,  0.        ,  0.        ,  0.        ,
        0.        ,  0.        ,  0.        ,  0.        ,  0.        ,
        0.        ,  0.02284777,  0.        ,  0.        , -0.03409083,
        0.        ,  0.        ,  0.        ,  0.        ,  0.        ,
        0.        ,  0.        ,  0.        ,  0.        ,  0.        ,
        0.        ,  0.        ,  0.        ,  0.        ,  0.        ,
        0.        ,  0.        ,  0.        ,  0.        ,  0.        ,
        0.        ,  0.        ,  0.        ,  0.        ,  0.        ,
        0.        ,  0.        ,  0.        ,  0.        ,  0.        ,
        0.        ,  0.        ,  0.        ,  0.        ,  0.        ,
        0.        ,  0.        ,  0.        ,  0.        ,  0.        ,
        0.        ,  0.        ,  0.        ,  0.        ,  0.        ,
        0.        ,  0.        ,  0.        ,  0.        ,  0.        ,
        0.        ,  0.        ,  0.        ,  0.        ,  0.        ,
        0.        ,  0.        ,  0.        ,  0.        ,  0.        ,
        0.        ,  0.        ,  0.        ,  0.        ,  0.        ,
        0.        ,  0.        ,  0.        ,  0.        ,  0.        ,
        0.        ,  0.        ,  0.        ,  0.        ,  0.        ,
        0.        ,  0.        ,  0.        ,  0.        ,  0.        ,
        0.        ,  0.        ,  0.        ,  0.        ,  0.        ,
        0.        ,  0.        ,  0.        ,  0.        ,  0.        ,
        0.        ,  0.        ,  0.        ,  0.        ,  0.        ,
        0.        ,  0.        ,  0.        ,  0.        ,  0.        ,
        0.        ,  0.        ,  0.        ,  0.        ,  0.        ,
        0.        ,  0.        ,  0.        ,  0.        ,  0.        ,
        0.        ,  0.        ,  0.        ,  0.        ,  0.01456708,
        0.        ,  0.        ,  0.        ,  0.        ,  0.        ,
        0.        ,  0.        ])
21:27:23 | INFO     | np.sum(w_aug) = np.float64(192.0)
21:27:23 | INFO     | np.sum(self.kernelWeights) = np.float64(0.9999999999999999)
21:27:23 | INFO     | phi = array([ 0.        , -0.01110339,  0.        ,  0.        ,  0.0387779 ,
        0.        ,  0.        , -0.06110494,  0.        ,  0.        ,
        0.        ,  0.        ,  0.        ,  0.        ,  0.        ,
        0.        ,  0.        ,  0.        ,  0.        ,  0.        ,
        0.        ,  0.        ,  0.        ,  0.        ,  0.        ,
        0.        ,  0.        ,  0.        , -0.00330664,  0.        ,
        0.        ,  0.        ,  0.        ,  0.        ,  0.        ,
        0.        ,  0.        ,  0.        , -0.00400648,  0.        ,
        0.        ,  0.        ,  0.        ,  0.        ,  0.        ,
        0.        ,  0.        ,  0.        ,  0.        ,  0.        ,
        0.        ,  0.        , -0.00105219,  0.        ,  0.        ,
       -0.01709742,  0.        ,  0.        ,  0.        ,  0.        ,
        0.        ,  0.        ,  0.        ,  0.        ,  0.        ,
        0.        , -0.02284776,  0.        ,  0.        ,  0.03409083,
        0.        ,  0.        ,  0.        ,  0.        ,  0.        ,
        0.        ,  0.        ,  0.        ,  0.        ,  0.        ,
        0.        ,  0.        ,  0.        ,  0.        ,  0.        ,
        0.        ,  0.        ,  0.        ,  0.        ,  0.        ,
        0.        ,  0.        ,  0.        ,  0.        ,  0.        ,
        0.        ,  0.        ,  0.        ,  0.        ,  0.        ,
        0.        ,  0.        ,  0.        ,  0.        ,  0.        ,
        0.        ,  0.        ,  0.        ,  0.        ,  0.        ,
        0.        ,  0.        ,  0.        ,  0.        ,  0.        ,
        0.        ,  0.        ,  0.        ,  0.        ,  0.        ,
        0.        ,  0.        ,  0.        ,  0.        ,  0.        ,
        0.        ,  0.        ,  0.        ,  0.        ,  0.        ,
        0.        ,  0.        ,  0.        ,  0.        ,  0.        ,
        0.        ,  0.        ,  0.        ,  0.        ,  0.        ,
        0.        ,  0.        ,  0.        ,  0.        ,  0.        ,
        0.        ,  0.        ,  0.        ,  0.        ,  0.        ,
        0.        ,  0.        ,  0.        ,  0.        ,  0.        ,
        0.        ,  0.        ,  0.        ,  0.        ,  0.        ,
        0.        ,  0.        ,  0.        ,  0.        ,  0.        ,
        0.        ,  0.        ,  0.        ,  0.        ,  0.        ,
        0.        ,  0.        ,  0.        ,  0.        ,  0.        ,
        0.        ,  0.        ,  0.        ,  0.        ,  0.        ,
        0.        ,  0.        ,  0.        ,  0.        , -0.01456709,
        0.        ,  0.        ,  0.        ,  0.        ,  0.        ,
        0.        ,  0.        ])
21:27:23 | INFO     | num_full_subsets = 0
21:27:23 | INFO     | remaining_weight_vector = array([0.1720551 , 0.08648033, 0.0579586 , 0.04370017, 0.03514709,
       0.02944671, 0.02537647, 0.02232508, 0.01995296, 0.01805633,
       0.01650554, 0.01521413, 0.01412227, 0.01318721, 0.0123776 ,
       0.01166993, 0.01104623, 0.0104925 , 0.00999773, 0.00955306,
       0.00915136, 0.00878677, 0.00845447, 0.00815043, 0.00787126,
       0.00761412, 0.00737655, 0.00715647, 0.00695209, 0.00676184,
       0.00658436, 0.00641846, 0.00626311, 0.00611737, 0.00598044,
       0.00585159, 0.00573017, 0.00561561, 0.00550738, 0.00540502,
       0.00530811, 0.00521627, 0.00512916, 0.00504646, 0.00496788,
       0.00489317, 0.00482209, 0.00475442, 0.00468996, 0.00462852,
       0.00456995, 0.00451408, 0.00446077, 0.00440989, 0.00436132,
       0.00431493, 0.00427063, 0.00422832, 0.00418791, 0.00414931,
       0.00411244, 0.00407724, 0.00404362, 0.00401154, 0.00398092,
       0.00395172, 0.00392388, 0.00389736, 0.0038721 , 0.00384807,
       0.00382523, 0.00380353, 0.00378295, 0.00376346, 0.00374502,
       0.0037276 , 0.00371118, 0.00369574, 0.00368125, 0.00366769,
       0.00365505, 0.0036433 , 0.00363242, 0.00362241, 0.00361325,
       0.00360493, 0.00359743, 0.00359075, 0.00358487, 0.0035798 ,
       0.00357551, 0.00357201, 0.0035693 , 0.00356736, 0.0035662 ,
       0.00356581])
21:27:23 | INFO     | num_paired_subset_sizes = 95
21:27:23 | INFO     | weight_left = np.float64(1.0)
21:28:03 | INFO     | np.sum(w_aug) = np.float64(192.0)
21:28:03 | INFO     | np.sum(self.kernelWeights) = np.float64(0.9999999999999996)
21:28:03 | INFO     | phi = array([ 0.        ,  0.        ,  0.17121008,  0.        ,  0.03502049,
        0.02490122,  0.        ,  0.01705624,  0.        ,  0.        ,
        0.        ,  0.        ,  0.        ,  0.        ,  0.        ,
        0.        ,  0.        ,  0.        ,  0.        ,  0.        ,
        0.        ,  0.01652541,  0.        ,  0.        ,  0.        ,
        0.        ,  0.        ,  0.        ,  0.        ,  0.        ,
        0.        ,  0.        ,  0.        ,  0.        ,  0.        ,
        0.        ,  0.        ,  0.        ,  0.        ,  0.        ,
        0.        ,  0.        ,  0.        ,  0.        ,  0.        ,
        0.        ,  0.        ,  0.        ,  0.        ,  0.        ,
        0.        ,  0.        ,  0.        ,  0.        ,  0.        ,
        0.        ,  0.        ,  0.        ,  0.        ,  0.        ,
        0.        ,  0.        ,  0.        ,  0.        ,  0.08357613,
        0.        ,  0.        ,  0.        ,  0.        ,  0.        ,
        0.        ,  0.        ,  0.        ,  0.        ,  0.        ,
        0.        ,  0.        ,  0.        ,  0.        ,  0.        ,
        0.        ,  0.        ,  0.        ,  0.        ,  0.        ,
        0.        ,  0.        ,  0.        ,  0.        ,  0.        ,
        0.        ,  0.        ,  0.        ,  0.        ,  0.        ,
        0.        ,  0.        ,  0.        ,  0.        ,  0.        ,
        0.        ,  0.        ,  0.        ,  0.        ,  0.        ,
        0.        ,  0.        ,  0.        ,  0.        ,  0.        ,
        0.        ,  0.        ,  0.        ,  0.        ,  0.        ,
        0.        ,  0.        ,  0.        ,  0.        ,  0.        ,
        0.        ,  0.        ,  0.04299141,  0.        ,  0.        ,
        0.        ,  0.        ,  0.        ,  0.        ,  0.01690249,
        0.        ,  0.        ,  0.        ,  0.        ,  0.        ,
        0.        ,  0.        ,  0.        ,  0.        ,  0.        ,
        0.        ,  0.        ,  0.        ,  0.        ,  0.        ,
        0.        ,  0.        ,  0.        ,  0.        ,  0.        ,
        0.        ,  0.        ,  0.        ,  0.        ,  0.        ,
        0.        ,  0.        ,  0.        , -0.00290331,  0.        ,
        0.        ,  0.        ,  0.        ,  0.        ,  0.03400026,
        0.        ,  0.        ,  0.        ,  0.        ,  0.        ,
        0.        ,  0.        ,  0.        ,  0.        ,  0.        ,
        0.        ,  0.        ,  0.        ,  0.        ,  0.        ,
        0.        ,  0.        ,  0.        ,  0.        ,  0.        ,
        0.        ,  0.        ,  0.        ,  0.        ,  0.        ,
        0.        ,  0.        ])
21:28:03 | INFO     | np.sum(w_aug) = np.float64(192.0)
21:28:03 | INFO     | np.sum(self.kernelWeights) = np.float64(0.9999999999999996)
21:28:03 | INFO     | phi = array([ 0.        ,  0.        , -0.17121009,  0.        , -0.0350205 ,
       -0.02490117,  0.        , -0.01705627,  0.        ,  0.        ,
        0.        ,  0.        ,  0.        ,  0.        ,  0.        ,
        0.        ,  0.        ,  0.        ,  0.        ,  0.        ,
        0.        , -0.01652542,  0.        ,  0.        ,  0.        ,
        0.        ,  0.        ,  0.        ,  0.        ,  0.        ,
        0.        ,  0.        ,  0.        ,  0.        ,  0.        ,
        0.        ,  0.        ,  0.        ,  0.        ,  0.        ,
        0.        ,  0.        ,  0.        ,  0.        ,  0.        ,
        0.        ,  0.        ,  0.        ,  0.        ,  0.        ,
        0.        ,  0.        ,  0.        ,  0.        ,  0.        ,
        0.        ,  0.        ,  0.        ,  0.        ,  0.        ,
        0.        ,  0.        ,  0.        ,  0.        , -0.08357616,
        0.        ,  0.        ,  0.        ,  0.        ,  0.        ,
        0.        ,  0.        ,  0.        ,  0.        ,  0.        ,
        0.        ,  0.        ,  0.        ,  0.        ,  0.        ,
        0.        ,  0.        ,  0.        ,  0.        ,  0.        ,
        0.        ,  0.        ,  0.        ,  0.        ,  0.        ,
        0.        ,  0.        ,  0.        ,  0.        ,  0.        ,
        0.        ,  0.        ,  0.        ,  0.        ,  0.        ,
        0.        ,  0.        ,  0.        ,  0.        ,  0.        ,
        0.        ,  0.        ,  0.        ,  0.        ,  0.        ,
        0.        ,  0.        ,  0.        ,  0.        ,  0.        ,
        0.        ,  0.        ,  0.        ,  0.        ,  0.        ,
        0.        ,  0.        , -0.04299142,  0.        ,  0.        ,
        0.        ,  0.        ,  0.        ,  0.        , -0.0169025 ,
        0.        ,  0.        ,  0.        ,  0.        ,  0.        ,
        0.        ,  0.        ,  0.        ,  0.        ,  0.        ,
        0.        ,  0.        ,  0.        ,  0.        ,  0.        ,
        0.        ,  0.        ,  0.        ,  0.        ,  0.        ,
        0.        ,  0.        ,  0.        ,  0.        ,  0.        ,
        0.        ,  0.        ,  0.        ,  0.0029033 ,  0.        ,
        0.        ,  0.        ,  0.        ,  0.        , -0.03400027,
        0.        ,  0.        ,  0.        ,  0.        ,  0.        ,
        0.        ,  0.        ,  0.        ,  0.        ,  0.        ,
        0.        ,  0.        ,  0.        ,  0.        ,  0.        ,
        0.        ,  0.        ,  0.        ,  0.        ,  0.        ,
        0.        ,  0.        ,  0.        ,  0.        ,  0.        ,
        0.        ,  0.        ])
21:28:03 | INFO     | num_full_subsets = 0
21:28:03 | INFO     | remaining_weight_vector = array([0.1720551 , 0.08648033, 0.0579586 , 0.04370017, 0.03514709,
       0.02944671, 0.02537647, 0.02232508, 0.01995296, 0.01805633,
       0.01650554, 0.01521413, 0.01412227, 0.01318721, 0.0123776 ,
       0.01166993, 0.01104623, 0.0104925 , 0.00999773, 0.00955306,
       0.00915136, 0.00878677, 0.00845447, 0.00815043, 0.00787126,
       0.00761412, 0.00737655, 0.00715647, 0.00695209, 0.00676184,
       0.00658436, 0.00641846, 0.00626311, 0.00611737, 0.00598044,
       0.00585159, 0.00573017, 0.00561561, 0.00550738, 0.00540502,
       0.00530811, 0.00521627, 0.00512916, 0.00504646, 0.00496788,
       0.00489317, 0.00482209, 0.00475442, 0.00468996, 0.00462852,
       0.00456995, 0.00451408, 0.00446077, 0.00440989, 0.00436132,
       0.00431493, 0.00427063, 0.00422832, 0.00418791, 0.00414931,
       0.00411244, 0.00407724, 0.00404362, 0.00401154, 0.00398092,
       0.00395172, 0.00392388, 0.00389736, 0.0038721 , 0.00384807,
       0.00382523, 0.00380353, 0.00378295, 0.00376346, 0.00374502,
       0.0037276 , 0.00371118, 0.00369574, 0.00368125, 0.00366769,
       0.00365505, 0.0036433 , 0.00363242, 0.00362241, 0.00361325,
       0.00360493, 0.00359743, 0.00359075, 0.00358487, 0.0035798 ,
       0.00357551, 0.00357201, 0.0035693 , 0.00356736, 0.0035662 ,
       0.00356581])
21:28:03 | INFO     | num_paired_subset_sizes = 95
21:28:03 | INFO     | weight_left = np.float64(1.0)
21:28:44 | INFO     | np.sum(w_aug) = np.float64(192.0)
21:28:44 | INFO     | np.sum(self.kernelWeights) = np.float64(0.9999999999999997)
21:28:44 | INFO     | phi = array([-0.0067374 , -0.01350454,  0.        ,  0.        ,  0.        ,
        0.        ,  0.        ,  0.        ,  0.        ,  0.        ,
        0.        ,  0.        ,  0.        ,  0.        ,  0.        ,
        0.        ,  0.        ,  0.        ,  0.        ,  0.        ,
        0.        ,  0.        ,  0.        ,  0.        ,  0.        ,
        0.        ,  0.        ,  0.        ,  0.        ,  0.        ,
        0.        ,  0.        ,  0.        ,  0.        ,  0.        ,
        0.        ,  0.        ,  0.        ,  0.        ,  0.        ,
        0.        ,  0.        ,  0.        ,  0.        , -0.00200335,
        0.        ,  0.        ,  0.        ,  0.        ,  0.        ,
        0.        ,  0.        ,  0.        ,  0.        ,  0.        ,
       -0.02237476,  0.        ,  0.        ,  0.        ,  0.        ,
        0.        ,  0.        ,  0.        ,  0.        ,  0.        ,
        0.        ,  0.        ,  0.        ,  0.        ,  0.        ,
        0.        ,  0.        ,  0.        , -0.00806823,  0.        ,
        0.        ,  0.        ,  0.        ,  0.        ,  0.        ,
        0.        ,  0.        ,  0.        ,  0.        ,  0.        ,
        0.        ,  0.        ,  0.        ,  0.        ,  0.        ,
       -0.01469283,  0.        ,  0.        ,  0.        ,  0.        ,
        0.        ,  0.        ,  0.        ,  0.        ,  0.        ,
       -0.00934379,  0.        ,  0.        ,  0.        ,  0.        ,
        0.        ,  0.        ,  0.        ,  0.        ,  0.        ,
        0.        ,  0.        ,  0.        ,  0.        ,  0.        ,
        0.        ,  0.        ,  0.        ,  0.        ,  0.        ,
        0.        ,  0.        ,  0.        ,  0.        ,  0.        ,
        0.        ,  0.        ,  0.        , -0.01842591,  0.        ,
        0.        ,  0.        ,  0.        ,  0.        ,  0.        ,
        0.        ,  0.        ,  0.        ,  0.        ,  0.        ,
        0.        ,  0.        , -0.00358369,  0.        ,  0.        ,
        0.        ,  0.        ,  0.        ,  0.        ,  0.        ,
        0.        ,  0.        ,  0.        ,  0.        ,  0.        ,
        0.        ,  0.        ,  0.        ,  0.        ,  0.        ,
        0.        ,  0.        ,  0.        ,  0.        ,  0.        ,
        0.        ,  0.        ,  0.        ,  0.        ,  0.        ,
        0.        ,  0.        ,  0.        ,  0.        ,  0.        ,
        0.        ,  0.        ,  0.        , -0.00583421,  0.        ,
        0.        ,  0.        ,  0.        ,  0.        ,  0.        ,
        0.        ,  0.        ,  0.        ,  0.        ,  0.        ,
        0.        ,  0.        ])
21:28:44 | INFO     | np.sum(w_aug) = np.float64(192.0)
21:28:44 | INFO     | np.sum(self.kernelWeights) = np.float64(0.9999999999999997)
21:28:44 | INFO     | phi = array([0.0067374 , 0.01350454, 0.        , 0.        , 0.        ,
       0.        , 0.        , 0.        , 0.        , 0.        ,
       0.        , 0.        , 0.        , 0.        , 0.        ,
       0.        , 0.        , 0.        , 0.        , 0.        ,
       0.        , 0.        , 0.        , 0.        , 0.        ,
       0.        , 0.        , 0.        , 0.        , 0.        ,
       0.        , 0.        , 0.        , 0.        , 0.        ,
       0.        , 0.        , 0.        , 0.        , 0.        ,
       0.        , 0.        , 0.        , 0.        , 0.00200335,
       0.        , 0.        , 0.        , 0.        , 0.        ,
       0.        , 0.        , 0.        , 0.        , 0.        ,
       0.02237477, 0.        , 0.        , 0.        , 0.        ,
       0.        , 0.        , 0.        , 0.        , 0.        ,
       0.        , 0.        , 0.        , 0.        , 0.        ,
       0.        , 0.        , 0.        , 0.00806822, 0.        ,
       0.        , 0.        , 0.        , 0.        , 0.        ,
       0.        , 0.        , 0.        , 0.        , 0.        ,
       0.        , 0.        , 0.        , 0.        , 0.        ,
       0.01469282, 0.        , 0.        , 0.        , 0.        ,
       0.        , 0.        , 0.        , 0.        , 0.        ,
       0.0093438 , 0.        , 0.        , 0.        , 0.        ,
       0.        , 0.        , 0.        , 0.        , 0.        ,
       0.        , 0.        , 0.        , 0.        , 0.        ,
       0.        , 0.        , 0.        , 0.        , 0.        ,
       0.        , 0.        , 0.        , 0.        , 0.        ,
       0.        , 0.        , 0.        , 0.01842591, 0.        ,
       0.        , 0.        , 0.        , 0.        , 0.        ,
       0.        , 0.        , 0.        , 0.        , 0.        ,
       0.        , 0.        , 0.0035837 , 0.        , 0.        ,
       0.        , 0.        , 0.        , 0.        , 0.        ,
       0.        , 0.        , 0.        , 0.        , 0.        ,
       0.        , 0.        , 0.        , 0.        , 0.        ,
       0.        , 0.        , 0.        , 0.        , 0.        ,
       0.        , 0.        , 0.        , 0.        , 0.        ,
       0.        , 0.        , 0.        , 0.        , 0.        ,
       0.        , 0.        , 0.        , 0.00583421, 0.        ,
       0.        , 0.        , 0.        , 0.        , 0.        ,
       0.        , 0.        , 0.        , 0.        , 0.        ,
       0.        , 0.        ])
21:28:45 | INFO     | num_full_subsets = 0
21:28:45 | INFO     | remaining_weight_vector = array([0.1720551 , 0.08648033, 0.0579586 , 0.04370017, 0.03514709,
       0.02944671, 0.02537647, 0.02232508, 0.01995296, 0.01805633,
       0.01650554, 0.01521413, 0.01412227, 0.01318721, 0.0123776 ,
       0.01166993, 0.01104623, 0.0104925 , 0.00999773, 0.00955306,
       0.00915136, 0.00878677, 0.00845447, 0.00815043, 0.00787126,
       0.00761412, 0.00737655, 0.00715647, 0.00695209, 0.00676184,
       0.00658436, 0.00641846, 0.00626311, 0.00611737, 0.00598044,
       0.00585159, 0.00573017, 0.00561561, 0.00550738, 0.00540502,
       0.00530811, 0.00521627, 0.00512916, 0.00504646, 0.00496788,
       0.00489317, 0.00482209, 0.00475442, 0.00468996, 0.00462852,
       0.00456995, 0.00451408, 0.00446077, 0.00440989, 0.00436132,
       0.00431493, 0.00427063, 0.00422832, 0.00418791, 0.00414931,
       0.00411244, 0.00407724, 0.00404362, 0.00401154, 0.00398092,
       0.00395172, 0.00392388, 0.00389736, 0.0038721 , 0.00384807,
       0.00382523, 0.00380353, 0.00378295, 0.00376346, 0.00374502,
       0.0037276 , 0.00371118, 0.00369574, 0.00368125, 0.00366769,
       0.00365505, 0.0036433 , 0.00363242, 0.00362241, 0.00361325,
       0.00360493, 0.00359743, 0.00359075, 0.00358487, 0.0035798 ,
       0.00357551, 0.00357201, 0.0035693 , 0.00356736, 0.0035662 ,
       0.00356581])
21:28:45 | INFO     | num_paired_subset_sizes = 95
21:28:45 | INFO     | weight_left = np.float64(1.0)
21:29:25 | INFO     | np.sum(w_aug) = np.float64(192.0)
21:29:25 | INFO     | np.sum(self.kernelWeights) = np.float64(0.9999999999999999)
21:29:25 | INFO     | phi = array([ 0.        ,  0.        ,  0.03410995,  0.        , -0.05289069,
        0.        ,  0.        ,  0.        ,  0.        ,  0.        ,
        0.        ,  0.        ,  0.        ,  0.        ,  0.        ,
        0.        ,  0.        ,  0.        ,  0.        ,  0.        ,
        0.        ,  0.        ,  0.        ,  0.        ,  0.        ,
        0.        ,  0.        ,  0.        ,  0.        ,  0.        ,
        0.        ,  0.        ,  0.        ,  0.        ,  0.01722493,
        0.        ,  0.        ,  0.        ,  0.        ,  0.        ,
        0.        ,  0.        ,  0.        ,  0.        ,  0.        ,
        0.        ,  0.        ,  0.        ,  0.        ,  0.        ,
        0.        ,  0.03851808,  0.        ,  0.        ,  0.        ,
        0.        ,  0.        ,  0.        ,  0.        ,  0.        ,
        0.        ,  0.        ,  0.        ,  0.        ,  0.        ,
        0.        ,  0.        ,  0.        ,  0.        ,  0.        ,
        0.        ,  0.        ,  0.        ,  0.        ,  0.        ,
        0.        ,  0.        ,  0.        ,  0.        ,  0.        ,
        0.        ,  0.        ,  0.        ,  0.        ,  0.        ,
        0.        ,  0.        ,  0.        ,  0.        ,  0.        ,
        0.        ,  0.        ,  0.        ,  0.        ,  0.        ,
        0.        ,  0.        ,  0.        ,  0.        ,  0.        ,
        0.        ,  0.        ,  0.        ,  0.        ,  0.        ,
        0.        ,  0.        ,  0.        ,  0.        , -0.00234348,
        0.        ,  0.        ,  0.        ,  0.        ,  0.        ,
        0.        ,  0.        ,  0.        ,  0.        ,  0.        ,
        0.        ,  0.00652475,  0.        ,  0.        ,  0.        ,
        0.        ,  0.        ,  0.        , -0.02504521,  0.        ,
        0.        ,  0.        ,  0.        ,  0.        ,  0.        ,
        0.        ,  0.        ,  0.        ,  0.        ,  0.        ,
        0.        ,  0.        , -0.0266739 ,  0.        ,  0.        ,
        0.01021624,  0.        ,  0.        ,  0.        ,  0.        ,
        0.        ,  0.        ,  0.        ,  0.        ,  0.        ,
        0.        ,  0.        ,  0.        ,  0.        ,  0.        ,
        0.        ,  0.        ,  0.        ,  0.        ,  0.        ,
        0.        ,  0.        ,  0.        ,  0.        ,  0.        ,
        0.        ,  0.        ,  0.        ,  0.        ,  0.        ,
        0.        ,  0.        ,  0.        ,  0.        ,  0.        ,
        0.        ,  0.        ,  0.        ,  0.        ,  0.        ,
        0.        ,  0.        ,  0.        ,  0.        ,  0.        ,
        0.00946139,  0.        ])
21:29:25 | INFO     | np.sum(w_aug) = np.float64(192.0)
21:29:25 | INFO     | np.sum(self.kernelWeights) = np.float64(0.9999999999999999)
21:29:25 | INFO     | phi = array([ 0.        ,  0.        , -0.03410994,  0.        ,  0.05289067,
        0.        ,  0.        ,  0.        ,  0.        ,  0.        ,
        0.        ,  0.        ,  0.        ,  0.        ,  0.        ,
        0.        ,  0.        ,  0.        ,  0.        ,  0.        ,
        0.        ,  0.        ,  0.        ,  0.        ,  0.        ,
        0.        ,  0.        ,  0.        ,  0.        ,  0.        ,
        0.        ,  0.        ,  0.        ,  0.        , -0.01722495,
        0.        ,  0.        ,  0.        ,  0.        ,  0.        ,
        0.        ,  0.        ,  0.        ,  0.        ,  0.        ,
        0.        ,  0.        ,  0.        ,  0.        ,  0.        ,
        0.        , -0.03851809,  0.        ,  0.        ,  0.        ,
        0.        ,  0.        ,  0.        ,  0.        ,  0.        ,
        0.        ,  0.        ,  0.        ,  0.        ,  0.        ,
        0.        ,  0.        ,  0.        ,  0.        ,  0.        ,
        0.        ,  0.        ,  0.        ,  0.        ,  0.        ,
        0.        ,  0.        ,  0.        ,  0.        ,  0.        ,
        0.        ,  0.        ,  0.        ,  0.        ,  0.        ,
        0.        ,  0.        ,  0.        ,  0.        ,  0.        ,
        0.        ,  0.        ,  0.        ,  0.        ,  0.        ,
        0.        ,  0.        ,  0.        ,  0.        ,  0.        ,
        0.        ,  0.        ,  0.        ,  0.        ,  0.        ,
        0.        ,  0.        ,  0.        ,  0.        ,  0.00234346,
        0.        ,  0.        ,  0.        ,  0.        ,  0.        ,
        0.        ,  0.        ,  0.        ,  0.        ,  0.        ,
        0.        , -0.00652476,  0.        ,  0.        ,  0.        ,
        0.        ,  0.        ,  0.        ,  0.02504522,  0.        ,
        0.        ,  0.        ,  0.        ,  0.        ,  0.        ,
        0.        ,  0.        ,  0.        ,  0.        ,  0.        ,
        0.        ,  0.        ,  0.02667392,  0.        ,  0.        ,
       -0.01021623,  0.        ,  0.        ,  0.        ,  0.        ,
        0.        ,  0.        ,  0.        ,  0.        ,  0.        ,
        0.        ,  0.        ,  0.        ,  0.        ,  0.        ,
        0.        ,  0.        ,  0.        ,  0.        ,  0.        ,
        0.        ,  0.        ,  0.        ,  0.        ,  0.        ,
        0.        ,  0.        ,  0.        ,  0.        ,  0.        ,
        0.        ,  0.        ,  0.        ,  0.        ,  0.        ,
        0.        ,  0.        ,  0.        ,  0.        ,  0.        ,
        0.        ,  0.        ,  0.        ,  0.        ,  0.        ,
       -0.0094614 ,  0.        ])
21:29:25 | INFO     | num_full_subsets = 0
21:29:25 | INFO     | remaining_weight_vector = array([0.1720551 , 0.08648033, 0.0579586 , 0.04370017, 0.03514709,
       0.02944671, 0.02537647, 0.02232508, 0.01995296, 0.01805633,
       0.01650554, 0.01521413, 0.01412227, 0.01318721, 0.0123776 ,
       0.01166993, 0.01104623, 0.0104925 , 0.00999773, 0.00955306,
       0.00915136, 0.00878677, 0.00845447, 0.00815043, 0.00787126,
       0.00761412, 0.00737655, 0.00715647, 0.00695209, 0.00676184,
       0.00658436, 0.00641846, 0.00626311, 0.00611737, 0.00598044,
       0.00585159, 0.00573017, 0.00561561, 0.00550738, 0.00540502,
       0.00530811, 0.00521627, 0.00512916, 0.00504646, 0.00496788,
       0.00489317, 0.00482209, 0.00475442, 0.00468996, 0.00462852,
       0.00456995, 0.00451408, 0.00446077, 0.00440989, 0.00436132,
       0.00431493, 0.00427063, 0.00422832, 0.00418791, 0.00414931,
       0.00411244, 0.00407724, 0.00404362, 0.00401154, 0.00398092,
       0.00395172, 0.00392388, 0.00389736, 0.0038721 , 0.00384807,
       0.00382523, 0.00380353, 0.00378295, 0.00376346, 0.00374502,
       0.0037276 , 0.00371118, 0.00369574, 0.00368125, 0.00366769,
       0.00365505, 0.0036433 , 0.00363242, 0.00362241, 0.00361325,
       0.00360493, 0.00359743, 0.00359075, 0.00358487, 0.0035798 ,
       0.00357551, 0.00357201, 0.0035693 , 0.00356736, 0.0035662 ,
       0.00356581])
21:29:25 | INFO     | num_paired_subset_sizes = 95
21:29:25 | INFO     | weight_left = np.float64(1.0)
21:30:06 | INFO     | np.sum(w_aug) = np.float64(192.0)
21:30:06 | INFO     | np.sum(self.kernelWeights) = np.float64(0.9999999999999999)
21:30:06 | INFO     | phi = array([ 0.        , -0.05227223, -0.02840813,  0.        , -0.01856644,
        0.        ,  0.        ,  0.        ,  0.        ,  0.        ,
        0.        ,  0.        ,  0.        ,  0.        ,  0.        ,
        0.        ,  0.        ,  0.        ,  0.        ,  0.        ,
       -0.0073698 , -0.0167324 ,  0.        ,  0.        ,  0.        ,
        0.        ,  0.        ,  0.        ,  0.        ,  0.        ,
        0.        ,  0.        ,  0.        ,  0.        ,  0.        ,
        0.        ,  0.        ,  0.        ,  0.        ,  0.        ,
        0.        ,  0.        ,  0.        ,  0.        ,  0.        ,
        0.        ,  0.        ,  0.        ,  0.        ,  0.        ,
        0.        ,  0.        ,  0.        ,  0.        ,  0.        ,
        0.        ,  0.        ,  0.        ,  0.        ,  0.        ,
        0.        ,  0.        ,  0.        ,  0.        , -0.03235698,
        0.        ,  0.        ,  0.        ,  0.        ,  0.        ,
        0.        ,  0.        ,  0.        ,  0.        ,  0.        ,
        0.        ,  0.        ,  0.        ,  0.        ,  0.        ,
        0.        ,  0.        ,  0.        ,  0.        ,  0.        ,
        0.        ,  0.        ,  0.        ,  0.        ,  0.        ,
       -0.02151246,  0.0102827 ,  0.        ,  0.        ,  0.        ,
        0.        ,  0.        ,  0.        ,  0.        ,  0.        ,
        0.        ,  0.        ,  0.        ,  0.        ,  0.        ,
        0.        ,  0.        ,  0.        ,  0.        ,  0.        ,
        0.        ,  0.        ,  0.        ,  0.        ,  0.        ,
        0.        ,  0.        ,  0.        ,  0.        ,  0.        ,
        0.        ,  0.        ,  0.        ,  0.        ,  0.        ,
        0.        ,  0.        ,  0.        , -0.01721503,  0.        ,
        0.        ,  0.        ,  0.        ,  0.        ,  0.        ,
        0.        ,  0.        ,  0.        ,  0.        ,  0.        ,
        0.        ,  0.        ,  0.        ,  0.        ,  0.        ,
        0.        ,  0.        ,  0.        ,  0.        ,  0.        ,
        0.        ,  0.        ,  0.        ,  0.        ,  0.        ,
        0.        ,  0.        ,  0.        ,  0.        ,  0.        ,
        0.        ,  0.        ,  0.        ,  0.        ,  0.        ,
        0.        ,  0.        ,  0.        ,  0.        ,  0.        ,
        0.        , -0.00329916,  0.        ,  0.        ,  0.        ,
        0.        ,  0.        ,  0.        ,  0.        ,  0.        ,
        0.        ,  0.        ,  0.        ,  0.        ,  0.        ,
        0.        ,  0.        ,  0.        ,  0.        ,  0.        ,
        0.        ,  0.        ])
21:30:06 | INFO     | np.sum(w_aug) = np.float64(192.0)
21:30:06 | INFO     | np.sum(self.kernelWeights) = np.float64(0.9999999999999999)
21:30:06 | INFO     | phi = array([ 0.        ,  0.05227224,  0.02840813,  0.        ,  0.01856645,
        0.        ,  0.        ,  0.        ,  0.        ,  0.        ,
        0.        ,  0.        ,  0.        ,  0.        ,  0.        ,
        0.        ,  0.        ,  0.        ,  0.        ,  0.        ,
        0.0073698 ,  0.01673239,  0.        ,  0.        ,  0.        ,
        0.        ,  0.        ,  0.        ,  0.        ,  0.        ,
        0.        ,  0.        ,  0.        ,  0.        ,  0.        ,
        0.        ,  0.        ,  0.        ,  0.        ,  0.        ,
        0.        ,  0.        ,  0.        ,  0.        ,  0.        ,
        0.        ,  0.        ,  0.        ,  0.        ,  0.        ,
        0.        ,  0.        ,  0.        ,  0.        ,  0.        ,
        0.        ,  0.        ,  0.        ,  0.        ,  0.        ,
        0.        ,  0.        ,  0.        ,  0.        ,  0.032357  ,
        0.        ,  0.        ,  0.        ,  0.        ,  0.        ,
        0.        ,  0.        ,  0.        ,  0.        ,  0.        ,
        0.        ,  0.        ,  0.        ,  0.        ,  0.        ,
        0.        ,  0.        ,  0.        ,  0.        ,  0.        ,
        0.        ,  0.        ,  0.        ,  0.        ,  0.        ,
        0.02151244, -0.01028269,  0.        ,  0.        ,  0.        ,
        0.        ,  0.        ,  0.        ,  0.        ,  0.        ,
        0.        ,  0.        ,  0.        ,  0.        ,  0.        ,
        0.        ,  0.        ,  0.        ,  0.        ,  0.        ,
        0.        ,  0.        ,  0.        ,  0.        ,  0.        ,
        0.        ,  0.        ,  0.        ,  0.        ,  0.        ,
        0.        ,  0.        ,  0.        ,  0.        ,  0.        ,
        0.        ,  0.        ,  0.        ,  0.01721503,  0.        ,
        0.        ,  0.        ,  0.        ,  0.        ,  0.        ,
        0.        ,  0.        ,  0.        ,  0.        ,  0.        ,
        0.        ,  0.        ,  0.        ,  0.        ,  0.        ,
        0.        ,  0.        ,  0.        ,  0.        ,  0.        ,
        0.        ,  0.        ,  0.        ,  0.        ,  0.        ,
        0.        ,  0.        ,  0.        ,  0.        ,  0.        ,
        0.        ,  0.        ,  0.        ,  0.        ,  0.        ,
        0.        ,  0.        ,  0.        ,  0.        ,  0.        ,
        0.        ,  0.00329915,  0.        ,  0.        ,  0.        ,
        0.        ,  0.        ,  0.        ,  0.        ,  0.        ,
        0.        ,  0.        ,  0.        ,  0.        ,  0.        ,
        0.        ,  0.        ,  0.        ,  0.        ,  0.        ,
        0.        ,  0.        ])
21:30:06 | INFO     | num_full_subsets = 0
21:30:06 | INFO     | remaining_weight_vector = array([0.1720551 , 0.08648033, 0.0579586 , 0.04370017, 0.03514709,
       0.02944671, 0.02537647, 0.02232508, 0.01995296, 0.01805633,
       0.01650554, 0.01521413, 0.01412227, 0.01318721, 0.0123776 ,
       0.01166993, 0.01104623, 0.0104925 , 0.00999773, 0.00955306,
       0.00915136, 0.00878677, 0.00845447, 0.00815043, 0.00787126,
       0.00761412, 0.00737655, 0.00715647, 0.00695209, 0.00676184,
       0.00658436, 0.00641846, 0.00626311, 0.00611737, 0.00598044,
       0.00585159, 0.00573017, 0.00561561, 0.00550738, 0.00540502,
       0.00530811, 0.00521627, 0.00512916, 0.00504646, 0.00496788,
       0.00489317, 0.00482209, 0.00475442, 0.00468996, 0.00462852,
       0.00456995, 0.00451408, 0.00446077, 0.00440989, 0.00436132,
       0.00431493, 0.00427063, 0.00422832, 0.00418791, 0.00414931,
       0.00411244, 0.00407724, 0.00404362, 0.00401154, 0.00398092,
       0.00395172, 0.00392388, 0.00389736, 0.0038721 , 0.00384807,
       0.00382523, 0.00380353, 0.00378295, 0.00376346, 0.00374502,
       0.0037276 , 0.00371118, 0.00369574, 0.00368125, 0.00366769,
       0.00365505, 0.0036433 , 0.00363242, 0.00362241, 0.00361325,
       0.00360493, 0.00359743, 0.00359075, 0.00358487, 0.0035798 ,
       0.00357551, 0.00357201, 0.0035693 , 0.00356736, 0.0035662 ,
       0.00356581])
21:30:06 | INFO     | num_paired_subset_sizes = 95
21:30:06 | INFO     | weight_left = np.float64(1.0)
21:30:47 | INFO     | np.sum(w_aug) = np.float64(192.0)
21:30:47 | INFO     | np.sum(self.kernelWeights) = np.float64(0.9999999999999999)
21:30:47 | INFO     | phi = array([ 0.        ,  0.        , -0.05763347,  0.        , -0.03305797,
        0.        ,  0.        ,  0.        ,  0.        ,  0.        ,
        0.        ,  0.        ,  0.        ,  0.        ,  0.        ,
        0.        ,  0.        ,  0.        ,  0.        ,  0.        ,
        0.        ,  0.        ,  0.        ,  0.        ,  0.        ,
        0.        ,  0.        ,  0.        ,  0.        ,  0.        ,
        0.        ,  0.        ,  0.        ,  0.        ,  0.        ,
        0.        ,  0.        ,  0.        ,  0.        ,  0.        ,
        0.        ,  0.        ,  0.        ,  0.        ,  0.        ,
        0.        ,  0.        ,  0.        ,  0.        ,  0.        ,
        0.        ,  0.        ,  0.        ,  0.        ,  0.        ,
        0.        ,  0.        ,  0.        ,  0.        ,  0.        ,
        0.        ,  0.        ,  0.        ,  0.        , -0.06710649,
        0.        ,  0.        ,  0.        ,  0.        ,  0.        ,
       -0.01708091,  0.        ,  0.        ,  0.        ,  0.        ,
        0.        ,  0.        ,  0.        ,  0.        ,  0.        ,
        0.        ,  0.        ,  0.        ,  0.        ,  0.        ,
        0.        ,  0.        ,  0.        ,  0.        ,  0.        ,
        0.        ,  0.        ,  0.        ,  0.        ,  0.        ,
        0.        ,  0.        ,  0.        ,  0.        ,  0.        ,
        0.        ,  0.        ,  0.        ,  0.        ,  0.        ,
        0.        ,  0.        ,  0.        ,  0.        ,  0.        ,
        0.        ,  0.        ,  0.        ,  0.        ,  0.        ,
        0.        ,  0.        ,  0.        ,  0.        ,  0.        ,
        0.        ,  0.        ,  0.        ,  0.        ,  0.        ,
        0.        ,  0.        ,  0.        ,  0.        ,  0.        ,
        0.        ,  0.        ,  0.        ,  0.02234872,  0.        ,
        0.        ,  0.        ,  0.        ,  0.        ,  0.        ,
        0.        ,  0.        ,  0.        ,  0.        ,  0.        ,
        0.        ,  0.        , -0.00309139,  0.        ,  0.        ,
        0.        ,  0.        ,  0.        ,  0.        ,  0.        ,
        0.        ,  0.        ,  0.        ,  0.        , -0.00060435,
        0.        ,  0.        ,  0.        ,  0.        ,  0.        ,
        0.        ,  0.        ,  0.        ,  0.        ,  0.        ,
        0.        ,  0.        ,  0.        ,  0.        ,  0.        ,
        0.        ,  0.        , -0.00096444,  0.        ,  0.        ,
        0.        ,  0.        ,  0.        ,  0.        ,  0.        ,
        0.        ,  0.        ,  0.        ,  0.        ,  0.        ,
        0.        ,  0.01118314])
21:30:47 | INFO     | np.sum(w_aug) = np.float64(192.0)
21:30:47 | INFO     | np.sum(self.kernelWeights) = np.float64(0.9999999999999999)
21:30:47 | INFO     | phi = array([ 0.        ,  0.        ,  0.05763347,  0.        ,  0.03305797,
        0.        ,  0.        ,  0.        ,  0.        ,  0.        ,
        0.        ,  0.        ,  0.        ,  0.        ,  0.        ,
        0.        ,  0.        ,  0.        ,  0.        ,  0.        ,
        0.        ,  0.        ,  0.        ,  0.        ,  0.        ,
        0.        ,  0.        ,  0.        ,  0.        ,  0.        ,
        0.        ,  0.        ,  0.        ,  0.        ,  0.        ,
        0.        ,  0.        ,  0.        ,  0.        ,  0.        ,
        0.        ,  0.        ,  0.        ,  0.        ,  0.        ,
        0.        ,  0.        ,  0.        ,  0.        ,  0.        ,
        0.        ,  0.        ,  0.        ,  0.        ,  0.        ,
        0.        ,  0.        ,  0.        ,  0.        ,  0.        ,
        0.        ,  0.        ,  0.        ,  0.        ,  0.06710649,
        0.        ,  0.        ,  0.        ,  0.        ,  0.        ,
        0.01708091,  0.        ,  0.        ,  0.        ,  0.        ,
        0.        ,  0.        ,  0.        ,  0.        ,  0.        ,
        0.        ,  0.        ,  0.        ,  0.        ,  0.        ,
        0.        ,  0.        ,  0.        ,  0.        ,  0.        ,
        0.        ,  0.        ,  0.        ,  0.        ,  0.        ,
        0.        ,  0.        ,  0.        ,  0.        ,  0.        ,
        0.        ,  0.        ,  0.        ,  0.        ,  0.        ,
        0.        ,  0.        ,  0.        ,  0.        ,  0.        ,
        0.        ,  0.        ,  0.        ,  0.        ,  0.        ,
        0.        ,  0.        ,  0.        ,  0.        ,  0.        ,
        0.        ,  0.        ,  0.        ,  0.        ,  0.        ,
        0.        ,  0.        ,  0.        ,  0.        ,  0.        ,
        0.        ,  0.        ,  0.        , -0.02234873,  0.        ,
        0.        ,  0.        ,  0.        ,  0.        ,  0.        ,
        0.        ,  0.        ,  0.        ,  0.        ,  0.        ,
        0.        ,  0.        ,  0.00309138,  0.        ,  0.        ,
        0.        ,  0.        ,  0.        ,  0.        ,  0.        ,
        0.        ,  0.        ,  0.        ,  0.        ,  0.00060434,
        0.        ,  0.        ,  0.        ,  0.        ,  0.        ,
        0.        ,  0.        ,  0.        ,  0.        ,  0.        ,
        0.        ,  0.        ,  0.        ,  0.        ,  0.        ,
        0.        ,  0.        ,  0.00096444,  0.        ,  0.        ,
        0.        ,  0.        ,  0.        ,  0.        ,  0.        ,
        0.        ,  0.        ,  0.        ,  0.        ,  0.        ,
        0.        , -0.01118315])
21:30:47 | INFO     | num_full_subsets = 0
21:30:47 | INFO     | remaining_weight_vector = array([0.1720551 , 0.08648033, 0.0579586 , 0.04370017, 0.03514709,
       0.02944671, 0.02537647, 0.02232508, 0.01995296, 0.01805633,
       0.01650554, 0.01521413, 0.01412227, 0.01318721, 0.0123776 ,
       0.01166993, 0.01104623, 0.0104925 , 0.00999773, 0.00955306,
       0.00915136, 0.00878677, 0.00845447, 0.00815043, 0.00787126,
       0.00761412, 0.00737655, 0.00715647, 0.00695209, 0.00676184,
       0.00658436, 0.00641846, 0.00626311, 0.00611737, 0.00598044,
       0.00585159, 0.00573017, 0.00561561, 0.00550738, 0.00540502,
       0.00530811, 0.00521627, 0.00512916, 0.00504646, 0.00496788,
       0.00489317, 0.00482209, 0.00475442, 0.00468996, 0.00462852,
       0.00456995, 0.00451408, 0.00446077, 0.00440989, 0.00436132,
       0.00431493, 0.00427063, 0.00422832, 0.00418791, 0.00414931,
       0.00411244, 0.00407724, 0.00404362, 0.00401154, 0.00398092,
       0.00395172, 0.00392388, 0.00389736, 0.0038721 , 0.00384807,
       0.00382523, 0.00380353, 0.00378295, 0.00376346, 0.00374502,
       0.0037276 , 0.00371118, 0.00369574, 0.00368125, 0.00366769,
       0.00365505, 0.0036433 , 0.00363242, 0.00362241, 0.00361325,
       0.00360493, 0.00359743, 0.00359075, 0.00358487, 0.0035798 ,
       0.00357551, 0.00357201, 0.0035693 , 0.00356736, 0.0035662 ,
       0.00356581])
21:30:47 | INFO     | num_paired_subset_sizes = 95
21:30:47 | INFO     | weight_left = np.float64(1.0)
21:31:48 | INFO     | np.sum(w_aug) = np.float64(192.0)
21:31:48 | INFO     | np.sum(self.kernelWeights) = np.float64(0.9999999999999999)
21:31:48 | INFO     | phi = array([ 0.        ,  0.        , -0.03322735,  0.        , -0.01226176,
        0.        ,  0.        ,  0.        ,  0.        ,  0.        ,
        0.        ,  0.        ,  0.        ,  0.        ,  0.        ,
        0.        ,  0.        ,  0.        ,  0.        ,  0.        ,
        0.        ,  0.        ,  0.        ,  0.        ,  0.        ,
        0.        , -0.00319317,  0.        ,  0.        ,  0.        ,
        0.        ,  0.        ,  0.        ,  0.        ,  0.        ,
        0.        ,  0.        ,  0.        ,  0.        ,  0.        ,
        0.        ,  0.        ,  0.        , -0.00598185,  0.        ,
        0.        ,  0.        ,  0.        ,  0.        ,  0.        ,
        0.        , -0.00038733,  0.        ,  0.        ,  0.        ,
        0.        ,  0.        ,  0.        ,  0.        ,  0.        ,
        0.        ,  0.        ,  0.        ,  0.        ,  0.        ,
       -0.007932  ,  0.        ,  0.        ,  0.        ,  0.        ,
       -0.00271089,  0.        ,  0.        ,  0.        , -0.00162305,
        0.        ,  0.        ,  0.        ,  0.        ,  0.        ,
        0.        ,  0.        ,  0.        ,  0.        ,  0.        ,
        0.        ,  0.        ,  0.        ,  0.        ,  0.        ,
        0.        ,  0.        ,  0.        ,  0.        ,  0.        ,
        0.        ,  0.        ,  0.        ,  0.        ,  0.        ,
        0.        ,  0.        ,  0.        ,  0.        ,  0.        ,
       -0.00272506,  0.        ,  0.        ,  0.        ,  0.        ,
        0.        ,  0.        ,  0.        ,  0.        ,  0.        ,
        0.        ,  0.        ,  0.        ,  0.        ,  0.        ,
        0.        ,  0.        ,  0.        ,  0.        ,  0.        ,
        0.        ,  0.        ,  0.        , -0.0057863 ,  0.        ,
        0.        ,  0.        ,  0.        ,  0.        ,  0.        ,
        0.        ,  0.        ,  0.        ,  0.        ,  0.        ,
        0.        ,  0.        ,  0.        ,  0.        ,  0.        ,
        0.        ,  0.        ,  0.        ,  0.        ,  0.        ,
        0.        ,  0.        ,  0.        ,  0.        ,  0.        ,
        0.        ,  0.        ,  0.        ,  0.        ,  0.        ,
        0.        ,  0.        ,  0.        ,  0.        ,  0.        ,
        0.        ,  0.        ,  0.        ,  0.        ,  0.        ,
        0.        ,  0.        ,  0.        ,  0.        ,  0.        ,
        0.        ,  0.        ,  0.        ,  0.        ,  0.        ,
        0.        ,  0.        ,  0.        ,  0.        ,  0.        ,
        0.        ,  0.        ,  0.        ,  0.        ,  0.        ,
        0.        ,  0.        ])
21:31:48 | INFO     | np.sum(w_aug) = np.float64(192.0)
21:31:48 | INFO     | np.sum(self.kernelWeights) = np.float64(0.9999999999999999)
21:31:48 | INFO     | phi = array([0.        , 0.        , 0.03322736, 0.        , 0.01226175,
       0.        , 0.        , 0.        , 0.        , 0.        ,
       0.        , 0.        , 0.        , 0.        , 0.        ,
       0.        , 0.        , 0.        , 0.        , 0.        ,
       0.        , 0.        , 0.        , 0.        , 0.        ,
       0.        , 0.00319315, 0.        , 0.        , 0.        ,
       0.        , 0.        , 0.        , 0.        , 0.        ,
       0.        , 0.        , 0.        , 0.        , 0.        ,
       0.        , 0.        , 0.        , 0.00598183, 0.        ,
       0.        , 0.        , 0.        , 0.        , 0.        ,
       0.        , 0.0003873 , 0.        , 0.        , 0.        ,
       0.        , 0.        , 0.        , 0.        , 0.        ,
       0.        , 0.        , 0.        , 0.        , 0.        ,
       0.00793201, 0.        , 0.        , 0.        , 0.        ,
       0.00271088, 0.        , 0.        , 0.        , 0.00162307,
       0.        , 0.        , 0.        , 0.        , 0.        ,
       0.        , 0.        , 0.        , 0.        , 0.        ,
       0.        , 0.        , 0.        , 0.        , 0.        ,
       0.        , 0.        , 0.        , 0.        , 0.        ,
       0.        , 0.        , 0.        , 0.        , 0.        ,
       0.        , 0.        , 0.        , 0.        , 0.        ,
       0.00272503, 0.        , 0.        , 0.        , 0.        ,
       0.        , 0.        , 0.        , 0.        , 0.        ,
       0.        , 0.        , 0.        , 0.        , 0.        ,
       0.        , 0.        , 0.        , 0.        , 0.        ,
       0.        , 0.        , 0.        , 0.00578629, 0.        ,
       0.        , 0.        , 0.        , 0.        , 0.        ,
       0.        , 0.        , 0.        , 0.        , 0.        ,
       0.        , 0.        , 0.        , 0.        , 0.        ,
       0.        , 0.        , 0.        , 0.        , 0.        ,
       0.        , 0.        , 0.        , 0.        , 0.        ,
       0.        , 0.        , 0.        , 0.        , 0.        ,
       0.        , 0.        , 0.        , 0.        , 0.        ,
       0.        , 0.        , 0.        , 0.        , 0.        ,
       0.        , 0.        , 0.        , 0.        , 0.        ,
       0.        , 0.        , 0.        , 0.        , 0.        ,
       0.        , 0.        , 0.        , 0.        , 0.        ,
       0.        , 0.        , 0.        , 0.        , 0.        ,
       0.        , 0.        ])
21:31:48 | INFO     | num_full_subsets = 0
21:31:48 | INFO     | remaining_weight_vector = array([0.1720551 , 0.08648033, 0.0579586 , 0.04370017, 0.03514709,
       0.02944671, 0.02537647, 0.02232508, 0.01995296, 0.01805633,
       0.01650554, 0.01521413, 0.01412227, 0.01318721, 0.0123776 ,
       0.01166993, 0.01104623, 0.0104925 , 0.00999773, 0.00955306,
       0.00915136, 0.00878677, 0.00845447, 0.00815043, 0.00787126,
       0.00761412, 0.00737655, 0.00715647, 0.00695209, 0.00676184,
       0.00658436, 0.00641846, 0.00626311, 0.00611737, 0.00598044,
       0.00585159, 0.00573017, 0.00561561, 0.00550738, 0.00540502,
       0.00530811, 0.00521627, 0.00512916, 0.00504646, 0.00496788,
       0.00489317, 0.00482209, 0.00475442, 0.00468996, 0.00462852,
       0.00456995, 0.00451408, 0.00446077, 0.00440989, 0.00436132,
       0.00431493, 0.00427063, 0.00422832, 0.00418791, 0.00414931,
       0.00411244, 0.00407724, 0.00404362, 0.00401154, 0.00398092,
       0.00395172, 0.00392388, 0.00389736, 0.0038721 , 0.00384807,
       0.00382523, 0.00380353, 0.00378295, 0.00376346, 0.00374502,
       0.0037276 , 0.00371118, 0.00369574, 0.00368125, 0.00366769,
       0.00365505, 0.0036433 , 0.00363242, 0.00362241, 0.00361325,
       0.00360493, 0.00359743, 0.00359075, 0.00358487, 0.0035798 ,
       0.00357551, 0.00357201, 0.0035693 , 0.00356736, 0.0035662 ,
       0.00356581])
21:31:48 | INFO     | num_paired_subset_sizes = 95
21:31:48 | INFO     | weight_left = np.float64(1.0)
21:32:54 | INFO     | np.sum(w_aug) = np.float64(192.0)
21:32:54 | INFO     | np.sum(self.kernelWeights) = np.float64(0.9999999999999999)
21:32:54 | INFO     | phi = array([0.        , 0.        , 0.        , 0.00987706, 0.07726078,
       0.        , 0.        , 0.        , 0.        , 0.        ,
       0.        , 0.        , 0.        , 0.        , 0.        ,
       0.        , 0.        , 0.        , 0.        , 0.        ,
       0.        , 0.        , 0.        , 0.        , 0.        ,
       0.01839919, 0.        , 0.        , 0.        , 0.        ,
       0.        , 0.        , 0.        , 0.        , 0.        ,
       0.        , 0.        , 0.        , 0.        , 0.        ,
       0.        , 0.        , 0.        , 0.        , 0.        ,
       0.        , 0.        , 0.        , 0.        , 0.        ,
       0.        , 0.        , 0.        , 0.        , 0.        ,
       0.        , 0.        , 0.        , 0.        , 0.        ,
       0.        , 0.        , 0.        , 0.        , 0.02032416,
       0.        , 0.        , 0.03914945, 0.06400365, 0.        ,
       0.        , 0.        , 0.        , 0.        , 0.        ,
       0.        , 0.        , 0.        , 0.        , 0.        ,
       0.        , 0.        , 0.        , 0.        , 0.        ,
       0.        , 0.        , 0.        , 0.        , 0.01473313,
       0.        , 0.        , 0.        , 0.        , 0.        ,
       0.        , 0.        , 0.        , 0.        , 0.03277004,
       0.        , 0.        , 0.        , 0.        , 0.        ,
       0.        , 0.        , 0.        , 0.        , 0.        ,
       0.        , 0.        , 0.        , 0.        , 0.        ,
       0.        , 0.        , 0.        , 0.04448266, 0.        ,
       0.        , 0.        , 0.        , 0.        , 0.        ,
       0.        , 0.        , 0.        , 0.        , 0.        ,
       0.        , 0.        , 0.        , 0.        , 0.        ,
       0.        , 0.        , 0.        , 0.        , 0.        ,
       0.        , 0.        , 0.        , 0.        , 0.        ,
       0.        , 0.        , 0.        , 0.        , 0.        ,
       0.        , 0.        , 0.        , 0.        , 0.        ,
       0.        , 0.        , 0.        , 0.        , 0.        ,
       0.        , 0.        , 0.        , 0.        , 0.        ,
       0.        , 0.        , 0.        , 0.        , 0.        ,
       0.        , 0.        , 0.        , 0.        , 0.        ,
       0.        , 0.        , 0.        , 0.        , 0.        ,
       0.        , 0.        , 0.        , 0.01501514, 0.        ,
       0.        , 0.        , 0.        , 0.        , 0.        ,
       0.        , 0.        ])
21:32:54 | INFO     | np.sum(w_aug) = np.float64(192.0)
21:32:54 | INFO     | np.sum(self.kernelWeights) = np.float64(0.9999999999999999)
21:32:54 | INFO     | phi = array([ 0.        ,  0.        ,  0.        , -0.00987707, -0.07726078,
        0.        ,  0.        ,  0.        ,  0.        ,  0.        ,
        0.        ,  0.        ,  0.        ,  0.        ,  0.        ,
        0.        ,  0.        ,  0.        ,  0.        ,  0.        ,
        0.        ,  0.        ,  0.        ,  0.        ,  0.        ,
       -0.01839918,  0.        ,  0.        ,  0.        ,  0.        ,
        0.        ,  0.        ,  0.        ,  0.        ,  0.        ,
        0.        ,  0.        ,  0.        ,  0.        ,  0.        ,
        0.        ,  0.        ,  0.        ,  0.        ,  0.        ,
        0.        ,  0.        ,  0.        ,  0.        ,  0.        ,
        0.        ,  0.        ,  0.        ,  0.        ,  0.        ,
        0.        ,  0.        ,  0.        ,  0.        ,  0.        ,
        0.        ,  0.        ,  0.        ,  0.        , -0.02032418,
        0.        ,  0.        , -0.03914945, -0.06400365,  0.        ,
        0.        ,  0.        ,  0.        ,  0.        ,  0.        ,
        0.        ,  0.        ,  0.        ,  0.        ,  0.        ,
        0.        ,  0.        ,  0.        ,  0.        ,  0.        ,
        0.        ,  0.        ,  0.        ,  0.        , -0.01473314,
        0.        ,  0.        ,  0.        ,  0.        ,  0.        ,
        0.        ,  0.        ,  0.        ,  0.        , -0.03277005,
        0.        ,  0.        ,  0.        ,  0.        ,  0.        ,
        0.        ,  0.        ,  0.        ,  0.        ,  0.        ,
        0.        ,  0.        ,  0.        ,  0.        ,  0.        ,
        0.        ,  0.        ,  0.        , -0.04448265,  0.        ,
        0.        ,  0.        ,  0.        ,  0.        ,  0.        ,
        0.        ,  0.        ,  0.        ,  0.        ,  0.        ,
        0.        ,  0.        ,  0.        ,  0.        ,  0.        ,
        0.        ,  0.        ,  0.        ,  0.        ,  0.        ,
        0.        ,  0.        ,  0.        ,  0.        ,  0.        ,
        0.        ,  0.        ,  0.        ,  0.        ,  0.        ,
        0.        ,  0.        ,  0.        ,  0.        ,  0.        ,
        0.        ,  0.        ,  0.        ,  0.        ,  0.        ,
        0.        ,  0.        ,  0.        ,  0.        ,  0.        ,
        0.        ,  0.        ,  0.        ,  0.        ,  0.        ,
        0.        ,  0.        ,  0.        ,  0.        ,  0.        ,
        0.        ,  0.        ,  0.        ,  0.        ,  0.        ,
        0.        ,  0.        ,  0.        , -0.01501514,  0.        ,
        0.        ,  0.        ,  0.        ,  0.        ,  0.        ,
        0.        ,  0.        ])
21:32:54 | INFO     | num_full_subsets = 0
21:32:54 | INFO     | remaining_weight_vector = array([0.1720551 , 0.08648033, 0.0579586 , 0.04370017, 0.03514709,
       0.02944671, 0.02537647, 0.02232508, 0.01995296, 0.01805633,
       0.01650554, 0.01521413, 0.01412227, 0.01318721, 0.0123776 ,
       0.01166993, 0.01104623, 0.0104925 , 0.00999773, 0.00955306,
       0.00915136, 0.00878677, 0.00845447, 0.00815043, 0.00787126,
       0.00761412, 0.00737655, 0.00715647, 0.00695209, 0.00676184,
       0.00658436, 0.00641846, 0.00626311, 0.00611737, 0.00598044,
       0.00585159, 0.00573017, 0.00561561, 0.00550738, 0.00540502,
       0.00530811, 0.00521627, 0.00512916, 0.00504646, 0.00496788,
       0.00489317, 0.00482209, 0.00475442, 0.00468996, 0.00462852,
       0.00456995, 0.00451408, 0.00446077, 0.00440989, 0.00436132,
       0.00431493, 0.00427063, 0.00422832, 0.00418791, 0.00414931,
       0.00411244, 0.00407724, 0.00404362, 0.00401154, 0.00398092,
       0.00395172, 0.00392388, 0.00389736, 0.0038721 , 0.00384807,
       0.00382523, 0.00380353, 0.00378295, 0.00376346, 0.00374502,
       0.0037276 , 0.00371118, 0.00369574, 0.00368125, 0.00366769,
       0.00365505, 0.0036433 , 0.00363242, 0.00362241, 0.00361325,
       0.00360493, 0.00359743, 0.00359075, 0.00358487, 0.0035798 ,
       0.00357551, 0.00357201, 0.0035693 , 0.00356736, 0.0035662 ,
       0.00356581])
21:32:54 | INFO     | num_paired_subset_sizes = 95
21:32:54 | INFO     | weight_left = np.float64(1.0)
21:33:57 | INFO     | np.sum(w_aug) = np.float64(192.0)
21:33:57 | INFO     | np.sum(self.kernelWeights) = np.float64(0.9999999999999996)
21:33:57 | INFO     | phi = array([ 0.        ,  0.        , -0.04418753,  0.        , -0.0494387 ,
        0.        ,  0.        ,  0.        ,  0.        ,  0.        ,
        0.        ,  0.        ,  0.        ,  0.        ,  0.        ,
        0.        ,  0.        ,  0.        ,  0.        ,  0.        ,
        0.        ,  0.01068204,  0.        ,  0.00387429,  0.        ,
        0.        ,  0.        ,  0.        ,  0.        ,  0.        ,
        0.        ,  0.        ,  0.        ,  0.        ,  0.        ,
        0.        ,  0.        ,  0.        ,  0.        ,  0.        ,
        0.        ,  0.        ,  0.        ,  0.        ,  0.        ,
        0.        ,  0.        ,  0.        ,  0.        ,  0.        ,
        0.        ,  0.        ,  0.        ,  0.00507701,  0.        ,
        0.        ,  0.        ,  0.        ,  0.        ,  0.        ,
        0.        ,  0.        ,  0.        ,  0.        ,  0.        ,
       -0.00928703,  0.        ,  0.        ,  0.        ,  0.        ,
        0.        ,  0.        ,  0.        ,  0.        ,  0.        ,
        0.        ,  0.        ,  0.        ,  0.        ,  0.        ,
        0.        ,  0.        ,  0.        ,  0.        ,  0.        ,
        0.        ,  0.        ,  0.        ,  0.        ,  0.        ,
        0.        ,  0.        ,  0.        ,  0.        ,  0.        ,
        0.        ,  0.        ,  0.        ,  0.        , -0.0027321 ,
        0.        ,  0.        ,  0.        ,  0.        ,  0.        ,
        0.        ,  0.        ,  0.        ,  0.        ,  0.        ,
        0.        ,  0.        , -0.00855222,  0.        ,  0.        ,
        0.        ,  0.        ,  0.        ,  0.        ,  0.        ,
        0.        ,  0.        ,  0.        ,  0.        ,  0.        ,
        0.        ,  0.        ,  0.        ,  0.        ,  0.        ,
        0.        ,  0.        ,  0.01252929,  0.        ,  0.        ,
       -0.00099411,  0.        ,  0.        ,  0.        ,  0.        ,
        0.        ,  0.        ,  0.        ,  0.        ,  0.        ,
        0.        ,  0.        ,  0.        ,  0.        ,  0.        ,
        0.        ,  0.        ,  0.        ,  0.        ,  0.        ,
        0.        ,  0.        ,  0.        ,  0.        ,  0.        ,
        0.        ,  0.        ,  0.        ,  0.        ,  0.        ,
        0.        ,  0.        ,  0.        ,  0.        ,  0.        ,
        0.        ,  0.        ,  0.        ,  0.        ,  0.        ,
        0.        ,  0.        ,  0.        ,  0.        ,  0.        ,
        0.        ,  0.        ,  0.        ,  0.        ,  0.        ,
        0.        ,  0.        ,  0.        ,  0.        ,  0.        ,
        0.        ,  0.        ])
21:33:57 | INFO     | np.sum(w_aug) = np.float64(192.0)
21:33:57 | INFO     | np.sum(self.kernelWeights) = np.float64(0.9999999999999996)
21:33:57 | INFO     | phi = array([ 0.        ,  0.        ,  0.04418749,  0.        ,  0.04943871,
        0.        ,  0.        ,  0.        ,  0.        ,  0.        ,
        0.        ,  0.        ,  0.        ,  0.        ,  0.        ,
        0.        ,  0.        ,  0.        ,  0.        ,  0.        ,
        0.        , -0.01068206,  0.        , -0.00387431,  0.        ,
        0.        ,  0.        ,  0.        ,  0.        ,  0.        ,
        0.        ,  0.        ,  0.        ,  0.        ,  0.        ,
        0.        ,  0.        ,  0.        ,  0.        ,  0.        ,
        0.        ,  0.        ,  0.        ,  0.        ,  0.        ,
        0.        ,  0.        ,  0.        ,  0.        ,  0.        ,
        0.        ,  0.        ,  0.        , -0.00507702,  0.        ,
        0.        ,  0.        ,  0.        ,  0.        ,  0.        ,
        0.        ,  0.        ,  0.        ,  0.        ,  0.        ,
        0.00928702,  0.        ,  0.        ,  0.        ,  0.        ,
        0.        ,  0.        ,  0.        ,  0.        ,  0.        ,
        0.        ,  0.        ,  0.        ,  0.        ,  0.        ,
        0.        ,  0.        ,  0.        ,  0.        ,  0.        ,
        0.        ,  0.        ,  0.        ,  0.        ,  0.        ,
        0.        ,  0.        ,  0.        ,  0.        ,  0.        ,
        0.        ,  0.        ,  0.        ,  0.        ,  0.00273207,
        0.        ,  0.        ,  0.        ,  0.        ,  0.        ,
        0.        ,  0.        ,  0.        ,  0.        ,  0.        ,
        0.        ,  0.        ,  0.00855226,  0.        ,  0.        ,
        0.        ,  0.        ,  0.        ,  0.        ,  0.        ,
        0.        ,  0.        ,  0.        ,  0.        ,  0.        ,
        0.        ,  0.        ,  0.        ,  0.        ,  0.        ,
        0.        ,  0.        , -0.01252928,  0.        ,  0.        ,
        0.00099411,  0.        ,  0.        ,  0.        ,  0.        ,
        0.        ,  0.        ,  0.        ,  0.        ,  0.        ,
        0.        ,  0.        ,  0.        ,  0.        ,  0.        ,
        0.        ,  0.        ,  0.        ,  0.        ,  0.        ,
        0.        ,  0.        ,  0.        ,  0.        ,  0.        ,
        0.        ,  0.        ,  0.        ,  0.        ,  0.        ,
        0.        ,  0.        ,  0.        ,  0.        ,  0.        ,
        0.        ,  0.        ,  0.        ,  0.        ,  0.        ,
        0.        ,  0.        ,  0.        ,  0.        ,  0.        ,
        0.        ,  0.        ,  0.        ,  0.        ,  0.        ,
        0.        ,  0.        ,  0.        ,  0.        ,  0.        ,
        0.        ,  0.        ])
21:33:57 | INFO     | num_full_subsets = 0
21:33:57 | INFO     | remaining_weight_vector = array([0.1720551 , 0.08648033, 0.0579586 , 0.04370017, 0.03514709,
       0.02944671, 0.02537647, 0.02232508, 0.01995296, 0.01805633,
       0.01650554, 0.01521413, 0.01412227, 0.01318721, 0.0123776 ,
       0.01166993, 0.01104623, 0.0104925 , 0.00999773, 0.00955306,
       0.00915136, 0.00878677, 0.00845447, 0.00815043, 0.00787126,
       0.00761412, 0.00737655, 0.00715647, 0.00695209, 0.00676184,
       0.00658436, 0.00641846, 0.00626311, 0.00611737, 0.00598044,
       0.00585159, 0.00573017, 0.00561561, 0.00550738, 0.00540502,
       0.00530811, 0.00521627, 0.00512916, 0.00504646, 0.00496788,
       0.00489317, 0.00482209, 0.00475442, 0.00468996, 0.00462852,
       0.00456995, 0.00451408, 0.00446077, 0.00440989, 0.00436132,
       0.00431493, 0.00427063, 0.00422832, 0.00418791, 0.00414931,
       0.00411244, 0.00407724, 0.00404362, 0.00401154, 0.00398092,
       0.00395172, 0.00392388, 0.00389736, 0.0038721 , 0.00384807,
       0.00382523, 0.00380353, 0.00378295, 0.00376346, 0.00374502,
       0.0037276 , 0.00371118, 0.00369574, 0.00368125, 0.00366769,
       0.00365505, 0.0036433 , 0.00363242, 0.00362241, 0.00361325,
       0.00360493, 0.00359743, 0.00359075, 0.00358487, 0.0035798 ,
       0.00357551, 0.00357201, 0.0035693 , 0.00356736, 0.0035662 ,
       0.00356581])
21:33:57 | INFO     | num_paired_subset_sizes = 95
21:33:57 | INFO     | weight_left = np.float64(1.0)
21:34:57 | INFO     | np.sum(w_aug) = np.float64(192.0)
21:34:57 | INFO     | np.sum(self.kernelWeights) = np.float64(0.9999999999999999)
21:34:57 | INFO     | phi = array([ 0.        , -0.01692879,  0.        ,  0.        ,  0.        ,
        0.        ,  0.        ,  0.        ,  0.        ,  0.        ,
        0.        ,  0.        ,  0.        , -0.00498635,  0.        ,
        0.        ,  0.        ,  0.        ,  0.        ,  0.        ,
        0.        ,  0.        ,  0.        ,  0.        ,  0.        ,
        0.        ,  0.        ,  0.        ,  0.        ,  0.        ,
        0.        ,  0.        ,  0.        ,  0.        ,  0.        ,
        0.        ,  0.        ,  0.        ,  0.        ,  0.        ,
        0.        ,  0.        ,  0.        ,  0.        ,  0.        ,
        0.        ,  0.        ,  0.        ,  0.        ,  0.        ,
        0.        ,  0.        ,  0.        ,  0.        ,  0.        ,
        0.        ,  0.        ,  0.        ,  0.        ,  0.        ,
        0.        ,  0.        ,  0.        ,  0.        ,  0.        ,
       -0.05197416,  0.        ,  0.        ,  0.        ,  0.        ,
        0.        , -0.0089629 ,  0.        ,  0.        ,  0.        ,
        0.        ,  0.        ,  0.        ,  0.        ,  0.        ,
        0.        ,  0.        ,  0.        ,  0.        ,  0.        ,
        0.        ,  0.        ,  0.        ,  0.        ,  0.        ,
        0.        ,  0.        ,  0.        ,  0.        ,  0.        ,
        0.        ,  0.        ,  0.        ,  0.        ,  0.        ,
        0.        ,  0.        ,  0.        ,  0.        ,  0.        ,
        0.        ,  0.        ,  0.        ,  0.        ,  0.        ,
        0.        ,  0.00102773,  0.        ,  0.        ,  0.        ,
        0.        ,  0.        , -0.00037355,  0.        ,  0.        ,
        0.        ,  0.        ,  0.        ,  0.        ,  0.        ,
        0.        ,  0.        ,  0.        ,  0.        , -0.01150499,
        0.        ,  0.        ,  0.        ,  0.00110387,  0.        ,
        0.02291256,  0.        ,  0.        ,  0.        ,  0.        ,
        0.        ,  0.        ,  0.        ,  0.        ,  0.        ,
        0.        ,  0.        ,  0.        ,  0.        ,  0.        ,
        0.        ,  0.        ,  0.        , -0.00267351,  0.        ,
        0.        ,  0.        ,  0.        ,  0.        ,  0.        ,
        0.        ,  0.        ,  0.        ,  0.        ,  0.        ,
        0.        ,  0.        ,  0.        ,  0.        ,  0.        ,
        0.        ,  0.        ,  0.        ,  0.        ,  0.        ,
        0.        ,  0.        ,  0.        ,  0.        ,  0.        ,
        0.        ,  0.        ,  0.        ,  0.        ,  0.        ,
        0.        ,  0.        ,  0.        ,  0.        ,  0.        ,
        0.        ,  0.        ])
21:34:57 | INFO     | np.sum(w_aug) = np.float64(192.0)
21:34:57 | INFO     | np.sum(self.kernelWeights) = np.float64(0.9999999999999999)
21:34:57 | INFO     | phi = array([ 0.        ,  0.0169288 ,  0.        ,  0.        ,  0.        ,
        0.        ,  0.        ,  0.        ,  0.        ,  0.        ,
        0.        ,  0.        ,  0.        ,  0.00498632,  0.        ,
        0.        ,  0.        ,  0.        ,  0.        ,  0.        ,
        0.        ,  0.        ,  0.        ,  0.        ,  0.        ,
        0.        ,  0.        ,  0.        ,  0.        ,  0.        ,
        0.        ,  0.        ,  0.        ,  0.        ,  0.        ,
        0.        ,  0.        ,  0.        ,  0.        ,  0.        ,
        0.        ,  0.        ,  0.        ,  0.        ,  0.        ,
        0.        ,  0.        ,  0.        ,  0.        ,  0.        ,
        0.        ,  0.        ,  0.        ,  0.        ,  0.        ,
        0.        ,  0.        ,  0.        ,  0.        ,  0.        ,
        0.        ,  0.        ,  0.        ,  0.        ,  0.        ,
        0.05197417,  0.        ,  0.        ,  0.        ,  0.        ,
        0.        ,  0.0089629 ,  0.        ,  0.        ,  0.        ,
        0.        ,  0.        ,  0.        ,  0.        ,  0.        ,
        0.        ,  0.        ,  0.        ,  0.        ,  0.        ,
        0.        ,  0.        ,  0.        ,  0.        ,  0.        ,
        0.        ,  0.        ,  0.        ,  0.        ,  0.        ,
        0.        ,  0.        ,  0.        ,  0.        ,  0.        ,
        0.        ,  0.        ,  0.        ,  0.        ,  0.        ,
        0.        ,  0.        ,  0.        ,  0.        ,  0.        ,
        0.        , -0.00102773,  0.        ,  0.        ,  0.        ,
        0.        ,  0.        ,  0.00037355,  0.        ,  0.        ,
        0.        ,  0.        ,  0.        ,  0.        ,  0.        ,
        0.        ,  0.        ,  0.        ,  0.        ,  0.011505  ,
        0.        ,  0.        ,  0.        , -0.00110387,  0.        ,
       -0.02291257,  0.        ,  0.        ,  0.        ,  0.        ,
        0.        ,  0.        ,  0.        ,  0.        ,  0.        ,
        0.        ,  0.        ,  0.        ,  0.        ,  0.        ,
        0.        ,  0.        ,  0.        ,  0.00267353,  0.        ,
        0.        ,  0.        ,  0.        ,  0.        ,  0.        ,
        0.        ,  0.        ,  0.        ,  0.        ,  0.        ,
        0.        ,  0.        ,  0.        ,  0.        ,  0.        ,
        0.        ,  0.        ,  0.        ,  0.        ,  0.        ,
        0.        ,  0.        ,  0.        ,  0.        ,  0.        ,
        0.        ,  0.        ,  0.        ,  0.        ,  0.        ,
        0.        ,  0.        ,  0.        ,  0.        ,  0.        ,
        0.        ,  0.        ])
21:34:57 | INFO     | num_full_subsets = 0
21:34:57 | INFO     | remaining_weight_vector = array([0.1720551 , 0.08648033, 0.0579586 , 0.04370017, 0.03514709,
       0.02944671, 0.02537647, 0.02232508, 0.01995296, 0.01805633,
       0.01650554, 0.01521413, 0.01412227, 0.01318721, 0.0123776 ,
       0.01166993, 0.01104623, 0.0104925 , 0.00999773, 0.00955306,
       0.00915136, 0.00878677, 0.00845447, 0.00815043, 0.00787126,
       0.00761412, 0.00737655, 0.00715647, 0.00695209, 0.00676184,
       0.00658436, 0.00641846, 0.00626311, 0.00611737, 0.00598044,
       0.00585159, 0.00573017, 0.00561561, 0.00550738, 0.00540502,
       0.00530811, 0.00521627, 0.00512916, 0.00504646, 0.00496788,
       0.00489317, 0.00482209, 0.00475442, 0.00468996, 0.00462852,
       0.00456995, 0.00451408, 0.00446077, 0.00440989, 0.00436132,
       0.00431493, 0.00427063, 0.00422832, 0.00418791, 0.00414931,
       0.00411244, 0.00407724, 0.00404362, 0.00401154, 0.00398092,
       0.00395172, 0.00392388, 0.00389736, 0.0038721 , 0.00384807,
       0.00382523, 0.00380353, 0.00378295, 0.00376346, 0.00374502,
       0.0037276 , 0.00371118, 0.00369574, 0.00368125, 0.00366769,
       0.00365505, 0.0036433 , 0.00363242, 0.00362241, 0.00361325,
       0.00360493, 0.00359743, 0.00359075, 0.00358487, 0.0035798 ,
       0.00357551, 0.00357201, 0.0035693 , 0.00356736, 0.0035662 ,
       0.00356581])
21:34:57 | INFO     | num_paired_subset_sizes = 95
21:34:57 | INFO     | weight_left = np.float64(1.0)
21:35:58 | INFO     | np.sum(w_aug) = np.float64(192.0)
21:35:58 | INFO     | np.sum(self.kernelWeights) = np.float64(0.9999999999999999)
21:35:58 | INFO     | phi = array([ 0.        ,  0.        ,  0.10455176,  0.        , -0.02156393,
        0.        ,  0.01390864,  0.        ,  0.        ,  0.        ,
        0.        ,  0.        ,  0.        ,  0.        ,  0.        ,
        0.        ,  0.        ,  0.        ,  0.        ,  0.        ,
        0.        ,  0.        ,  0.        ,  0.        ,  0.        ,
        0.        ,  0.        ,  0.        ,  0.        ,  0.        ,
        0.        ,  0.        ,  0.        ,  0.        ,  0.        ,
        0.        ,  0.        ,  0.        ,  0.        ,  0.        ,
        0.        ,  0.        ,  0.        ,  0.        ,  0.        ,
        0.        ,  0.        ,  0.        ,  0.        ,  0.        ,
        0.        ,  0.        ,  0.        ,  0.        ,  0.        ,
        0.        ,  0.        ,  0.        ,  0.        ,  0.        ,
        0.        ,  0.        ,  0.        ,  0.        ,  0.        ,
        0.        ,  0.        ,  0.        ,  0.03103957,  0.        ,
       -0.04280258,  0.        ,  0.        , -0.00325004,  0.        ,
        0.        ,  0.        ,  0.        ,  0.        ,  0.        ,
        0.        ,  0.        ,  0.        ,  0.        ,  0.        ,
        0.        ,  0.        ,  0.        ,  0.        ,  0.        ,
        0.        ,  0.        ,  0.        ,  0.        ,  0.        ,
        0.        ,  0.        ,  0.        ,  0.        ,  0.        ,
        0.        ,  0.        ,  0.        ,  0.        ,  0.        ,
        0.        ,  0.        ,  0.        ,  0.        ,  0.        ,
        0.        ,  0.        ,  0.        ,  0.        ,  0.        ,
        0.00902363,  0.        ,  0.        ,  0.        ,  0.        ,
        0.        ,  0.        ,  0.        ,  0.        ,  0.        ,
        0.        ,  0.        ,  0.        ,  0.        ,  0.        ,
        0.        ,  0.        ,  0.        ,  0.        ,  0.        ,
        0.        ,  0.00958321,  0.        ,  0.        ,  0.        ,
        0.        ,  0.        ,  0.        ,  0.        ,  0.01828631,
        0.        ,  0.        ,  0.        ,  0.        ,  0.        ,
        0.        ,  0.        ,  0.        ,  0.        ,  0.        ,
        0.        ,  0.        ,  0.        ,  0.        ,  0.        ,
        0.        ,  0.        ,  0.        ,  0.        ,  0.        ,
        0.        ,  0.        ,  0.        ,  0.        ,  0.        ,
        0.        ,  0.        ,  0.        ,  0.        ,  0.        ,
        0.        ,  0.        ,  0.        ,  0.        ,  0.        ,
        0.        ,  0.        , -0.02642793,  0.        ,  0.        ,
        0.        ,  0.        ,  0.        ,  0.        ,  0.        ,
        0.        ,  0.        ])
21:35:58 | INFO     | np.sum(w_aug) = np.float64(192.0)
21:35:58 | INFO     | np.sum(self.kernelWeights) = np.float64(0.9999999999999999)
21:35:58 | INFO     | phi = array([ 0.        ,  0.        , -0.10455178,  0.        ,  0.02156393,
        0.        , -0.01390865,  0.        ,  0.        ,  0.        ,
        0.        ,  0.        ,  0.        ,  0.        ,  0.        ,
        0.        ,  0.        ,  0.        ,  0.        ,  0.        ,
        0.        ,  0.        ,  0.        ,  0.        ,  0.        ,
        0.        ,  0.        ,  0.        ,  0.        ,  0.        ,
        0.        ,  0.        ,  0.        ,  0.        ,  0.        ,
        0.        ,  0.        ,  0.        ,  0.        ,  0.        ,
        0.        ,  0.        ,  0.        ,  0.        ,  0.        ,
        0.        ,  0.        ,  0.        ,  0.        ,  0.        ,
        0.        ,  0.        ,  0.        ,  0.        ,  0.        ,
        0.        ,  0.        ,  0.        ,  0.        ,  0.        ,
        0.        ,  0.        ,  0.        ,  0.        ,  0.        ,
        0.        ,  0.        ,  0.        , -0.03103956,  0.        ,
        0.04280258,  0.        ,  0.        ,  0.00325004,  0.        ,
        0.        ,  0.        ,  0.        ,  0.        ,  0.        ,
        0.        ,  0.        ,  0.        ,  0.        ,  0.        ,
        0.        ,  0.        ,  0.        ,  0.        ,  0.        ,
        0.        ,  0.        ,  0.        ,  0.        ,  0.        ,
        0.        ,  0.        ,  0.        ,  0.        ,  0.        ,
        0.        ,  0.        ,  0.        ,  0.        ,  0.        ,
        0.        ,  0.        ,  0.        ,  0.        ,  0.        ,
        0.        ,  0.        ,  0.        ,  0.        ,  0.        ,
       -0.00902361,  0.        ,  0.        ,  0.        ,  0.        ,
        0.        ,  0.        ,  0.        ,  0.        ,  0.        ,
        0.        ,  0.        ,  0.        ,  0.        ,  0.        ,
        0.        ,  0.        ,  0.        ,  0.        ,  0.        ,
        0.        , -0.00958322,  0.        ,  0.        ,  0.        ,
        0.        ,  0.        ,  0.        ,  0.        , -0.0182863 ,
        0.        ,  0.        ,  0.        ,  0.        ,  0.        ,
        0.        ,  0.        ,  0.        ,  0.        ,  0.        ,
        0.        ,  0.        ,  0.        ,  0.        ,  0.        ,
        0.        ,  0.        ,  0.        ,  0.        ,  0.        ,
        0.        ,  0.        ,  0.        ,  0.        ,  0.        ,
        0.        ,  0.        ,  0.        ,  0.        ,  0.        ,
        0.        ,  0.        ,  0.        ,  0.        ,  0.        ,
        0.        ,  0.        ,  0.02642793,  0.        ,  0.        ,
        0.        ,  0.        ,  0.        ,  0.        ,  0.        ,
        0.        ,  0.        ])
21:35:58 | INFO     | num_full_subsets = 0
21:35:58 | INFO     | remaining_weight_vector = array([0.1720551 , 0.08648033, 0.0579586 , 0.04370017, 0.03514709,
       0.02944671, 0.02537647, 0.02232508, 0.01995296, 0.01805633,
       0.01650554, 0.01521413, 0.01412227, 0.01318721, 0.0123776 ,
       0.01166993, 0.01104623, 0.0104925 , 0.00999773, 0.00955306,
       0.00915136, 0.00878677, 0.00845447, 0.00815043, 0.00787126,
       0.00761412, 0.00737655, 0.00715647, 0.00695209, 0.00676184,
       0.00658436, 0.00641846, 0.00626311, 0.00611737, 0.00598044,
       0.00585159, 0.00573017, 0.00561561, 0.00550738, 0.00540502,
       0.00530811, 0.00521627, 0.00512916, 0.00504646, 0.00496788,
       0.00489317, 0.00482209, 0.00475442, 0.00468996, 0.00462852,
       0.00456995, 0.00451408, 0.00446077, 0.00440989, 0.00436132,
       0.00431493, 0.00427063, 0.00422832, 0.00418791, 0.00414931,
       0.00411244, 0.00407724, 0.00404362, 0.00401154, 0.00398092,
       0.00395172, 0.00392388, 0.00389736, 0.0038721 , 0.00384807,
       0.00382523, 0.00380353, 0.00378295, 0.00376346, 0.00374502,
       0.0037276 , 0.00371118, 0.00369574, 0.00368125, 0.00366769,
       0.00365505, 0.0036433 , 0.00363242, 0.00362241, 0.00361325,
       0.00360493, 0.00359743, 0.00359075, 0.00358487, 0.0035798 ,
       0.00357551, 0.00357201, 0.0035693 , 0.00356736, 0.0035662 ,
       0.00356581])
21:35:58 | INFO     | num_paired_subset_sizes = 95
21:35:58 | INFO     | weight_left = np.float64(1.0)
21:36:57 | INFO     | np.sum(w_aug) = np.float64(192.0)
21:36:57 | INFO     | np.sum(self.kernelWeights) = np.float64(0.9999999999999999)
21:36:57 | INFO     | phi = array([ 0.        ,  0.        ,  0.14203299,  0.02594542,  0.        ,
        0.        ,  0.        ,  0.        ,  0.        ,  0.        ,
        0.        ,  0.        ,  0.        ,  0.        ,  0.        ,
        0.        ,  0.        ,  0.        ,  0.        ,  0.        ,
        0.        ,  0.        ,  0.        ,  0.        ,  0.00801794,
        0.        ,  0.        ,  0.        ,  0.        ,  0.        ,
        0.        ,  0.        ,  0.        ,  0.        ,  0.        ,
        0.        ,  0.        ,  0.        ,  0.        ,  0.        ,
        0.        ,  0.        ,  0.        ,  0.        ,  0.        ,
        0.        ,  0.        ,  0.        ,  0.        ,  0.        ,
        0.        ,  0.        ,  0.        ,  0.        ,  0.        ,
        0.        ,  0.        ,  0.        ,  0.        ,  0.        ,
        0.        ,  0.        , -0.00289942,  0.        ,  0.14027826,
        0.        ,  0.        ,  0.        ,  0.        ,  0.        ,
        0.        ,  0.        ,  0.        ,  0.        ,  0.        ,
        0.        ,  0.        ,  0.        ,  0.        ,  0.        ,
        0.        ,  0.        ,  0.        ,  0.        ,  0.        ,
        0.        ,  0.        ,  0.        ,  0.        ,  0.        ,
        0.        ,  0.        ,  0.        ,  0.        ,  0.        ,
        0.        ,  0.        ,  0.        ,  0.        ,  0.        ,
        0.01588909,  0.        ,  0.        ,  0.        ,  0.        ,
        0.        ,  0.        ,  0.        ,  0.        ,  0.        ,
        0.        ,  0.        ,  0.        ,  0.        ,  0.        ,
        0.        ,  0.        ,  0.        ,  0.        ,  0.        ,
        0.        ,  0.        ,  0.        ,  0.        ,  0.        ,
        0.        ,  0.        ,  0.        ,  0.        ,  0.02431753,
        0.        ,  0.        ,  0.        ,  0.        ,  0.        ,
        0.        ,  0.        ,  0.        ,  0.        ,  0.        ,
        0.        ,  0.        ,  0.        ,  0.        ,  0.        ,
        0.        ,  0.        ,  0.        ,  0.        ,  0.        ,
        0.01497476,  0.        ,  0.        ,  0.        ,  0.        ,
        0.        ,  0.        ,  0.        ,  0.        ,  0.        ,
        0.        ,  0.        ,  0.        ,  0.        ,  0.        ,
        0.        ,  0.        ,  0.        ,  0.        ,  0.        ,
        0.        ,  0.        ,  0.        ,  0.        ,  0.        ,
        0.        ,  0.        ,  0.        ,  0.        ,  0.01260939,
        0.        ,  0.        ,  0.        ,  0.        ,  0.        ,
        0.        ,  0.        ,  0.        ,  0.        ,  0.        ,
        0.        ,  0.        ])
21:36:57 | INFO     | np.sum(w_aug) = np.float64(192.0)
21:36:57 | INFO     | np.sum(self.kernelWeights) = np.float64(0.9999999999999999)
21:36:57 | INFO     | phi = array([ 0.        ,  0.        , -0.14203299, -0.02594543,  0.        ,
        0.        ,  0.        ,  0.        ,  0.        ,  0.        ,
        0.        ,  0.        ,  0.        ,  0.        ,  0.        ,
        0.        ,  0.        ,  0.        ,  0.        ,  0.        ,
        0.        ,  0.        ,  0.        ,  0.        , -0.00801794,
        0.        ,  0.        ,  0.        ,  0.        ,  0.        ,
        0.        ,  0.        ,  0.        ,  0.        ,  0.        ,
        0.        ,  0.        ,  0.        ,  0.        ,  0.        ,
        0.        ,  0.        ,  0.        ,  0.        ,  0.        ,
        0.        ,  0.        ,  0.        ,  0.        ,  0.        ,
        0.        ,  0.        ,  0.        ,  0.        ,  0.        ,
        0.        ,  0.        ,  0.        ,  0.        ,  0.        ,
        0.        ,  0.        ,  0.00289943,  0.        , -0.14027824,
        0.        ,  0.        ,  0.        ,  0.        ,  0.        ,
        0.        ,  0.        ,  0.        ,  0.        ,  0.        ,
        0.        ,  0.        ,  0.        ,  0.        ,  0.        ,
        0.        ,  0.        ,  0.        ,  0.        ,  0.        ,
        0.        ,  0.        ,  0.        ,  0.        ,  0.        ,
        0.        ,  0.        ,  0.        ,  0.        ,  0.        ,
        0.        ,  0.        ,  0.        ,  0.        ,  0.        ,
       -0.01588908,  0.        ,  0.        ,  0.        ,  0.        ,
        0.        ,  0.        ,  0.        ,  0.        ,  0.        ,
        0.        ,  0.        ,  0.        ,  0.        ,  0.        ,
        0.        ,  0.        ,  0.        ,  0.        ,  0.        ,
        0.        ,  0.        ,  0.        ,  0.        ,  0.        ,
        0.        ,  0.        ,  0.        ,  0.        , -0.02431754,
        0.        ,  0.        ,  0.        ,  0.        ,  0.        ,
        0.        ,  0.        ,  0.        ,  0.        ,  0.        ,
        0.        ,  0.        ,  0.        ,  0.        ,  0.        ,
        0.        ,  0.        ,  0.        ,  0.        ,  0.        ,
       -0.01497476,  0.        ,  0.        ,  0.        ,  0.        ,
        0.        ,  0.        ,  0.        ,  0.        ,  0.        ,
        0.        ,  0.        ,  0.        ,  0.        ,  0.        ,
        0.        ,  0.        ,  0.        ,  0.        ,  0.        ,
        0.        ,  0.        ,  0.        ,  0.        ,  0.        ,
        0.        ,  0.        ,  0.        ,  0.        , -0.01260939,
        0.        ,  0.        ,  0.        ,  0.        ,  0.        ,
        0.        ,  0.        ,  0.        ,  0.        ,  0.        ,
        0.        ,  0.        ])
21:36:57 | INFO     | num_full_subsets = 0
21:36:57 | INFO     | remaining_weight_vector = array([0.1720551 , 0.08648033, 0.0579586 , 0.04370017, 0.03514709,
       0.02944671, 0.02537647, 0.02232508, 0.01995296, 0.01805633,
       0.01650554, 0.01521413, 0.01412227, 0.01318721, 0.0123776 ,
       0.01166993, 0.01104623, 0.0104925 , 0.00999773, 0.00955306,
       0.00915136, 0.00878677, 0.00845447, 0.00815043, 0.00787126,
       0.00761412, 0.00737655, 0.00715647, 0.00695209, 0.00676184,
       0.00658436, 0.00641846, 0.00626311, 0.00611737, 0.00598044,
       0.00585159, 0.00573017, 0.00561561, 0.00550738, 0.00540502,
       0.00530811, 0.00521627, 0.00512916, 0.00504646, 0.00496788,
       0.00489317, 0.00482209, 0.00475442, 0.00468996, 0.00462852,
       0.00456995, 0.00451408, 0.00446077, 0.00440989, 0.00436132,
       0.00431493, 0.00427063, 0.00422832, 0.00418791, 0.00414931,
       0.00411244, 0.00407724, 0.00404362, 0.00401154, 0.00398092,
       0.00395172, 0.00392388, 0.00389736, 0.0038721 , 0.00384807,
       0.00382523, 0.00380353, 0.00378295, 0.00376346, 0.00374502,
       0.0037276 , 0.00371118, 0.00369574, 0.00368125, 0.00366769,
       0.00365505, 0.0036433 , 0.00363242, 0.00362241, 0.00361325,
       0.00360493, 0.00359743, 0.00359075, 0.00358487, 0.0035798 ,
       0.00357551, 0.00357201, 0.0035693 , 0.00356736, 0.0035662 ,
       0.00356581])
21:36:57 | INFO     | num_paired_subset_sizes = 95
21:36:57 | INFO     | weight_left = np.float64(1.0)
21:37:55 | INFO     | np.sum(w_aug) = np.float64(191.99999999999997)
21:37:55 | INFO     | np.sum(self.kernelWeights) = np.float64(0.9999999999999996)
21:37:55 | INFO     | phi = array([ 0.        , -0.05751163,  0.        ,  0.02682558,  0.        ,
        0.        ,  0.        ,  0.02187128,  0.        ,  0.        ,
        0.        ,  0.        ,  0.        ,  0.        ,  0.        ,
        0.        ,  0.        ,  0.        ,  0.        ,  0.        ,
        0.        ,  0.        ,  0.        ,  0.        ,  0.        ,
        0.00990203,  0.        ,  0.        ,  0.        ,  0.        ,
        0.        ,  0.        ,  0.        ,  0.        ,  0.        ,
        0.        ,  0.        ,  0.        ,  0.        ,  0.        ,
        0.        ,  0.        ,  0.        ,  0.        ,  0.        ,
        0.        ,  0.        ,  0.        ,  0.        ,  0.        ,
        0.        ,  0.        ,  0.        ,  0.        ,  0.        ,
        0.        ,  0.        ,  0.        ,  0.        ,  0.        ,
       -0.0265421 ,  0.        ,  0.        ,  0.        ,  0.        ,
        0.        ,  0.00580779,  0.        ,  0.02078147,  0.        ,
        0.        ,  0.        ,  0.        ,  0.        ,  0.        ,
        0.        ,  0.        ,  0.        ,  0.        ,  0.        ,
        0.        ,  0.        ,  0.        ,  0.        ,  0.        ,
        0.        ,  0.        ,  0.        ,  0.        ,  0.        ,
        0.        ,  0.        ,  0.        ,  0.        ,  0.        ,
        0.        ,  0.        ,  0.        ,  0.        ,  0.        ,
        0.        ,  0.        ,  0.        ,  0.        ,  0.        ,
        0.        ,  0.        ,  0.        ,  0.        ,  0.        ,
        0.        ,  0.        ,  0.        ,  0.        ,  0.        ,
        0.        ,  0.        ,  0.        ,  0.        ,  0.        ,
        0.        ,  0.        ,  0.        ,  0.        ,  0.        ,
        0.00864644,  0.        ,  0.        ,  0.        ,  0.        ,
        0.        ,  0.        ,  0.        ,  0.        ,  0.        ,
        0.        ,  0.        ,  0.        ,  0.        ,  0.        ,
        0.        ,  0.        ,  0.        ,  0.        ,  0.        ,
        0.        ,  0.        ,  0.        ,  0.        ,  0.        ,
        0.        ,  0.        ,  0.00265321,  0.        ,  0.        ,
        0.        ,  0.        ,  0.01285754,  0.        ,  0.        ,
        0.        ,  0.        ,  0.        ,  0.        ,  0.        ,
        0.        ,  0.        ,  0.        ,  0.        ,  0.        ,
        0.        ,  0.        ,  0.        ,  0.        ,  0.        ,
        0.        ,  0.        ,  0.        ,  0.        ,  0.        ,
        0.        ,  0.        ,  0.        ,  0.        ,  0.        ,
        0.        ,  0.        ,  0.        ,  0.        ,  0.        ,
        0.        ,  0.        ])
21:37:55 | INFO     | np.sum(w_aug) = np.float64(191.99999999999997)
21:37:55 | INFO     | np.sum(self.kernelWeights) = np.float64(0.9999999999999996)
21:37:55 | INFO     | phi = array([ 0.        ,  0.05751164,  0.        , -0.02682558,  0.        ,
        0.        ,  0.        , -0.02187128,  0.        ,  0.        ,
        0.        ,  0.        ,  0.        ,  0.        ,  0.        ,
        0.        ,  0.        ,  0.        ,  0.        ,  0.        ,
        0.        ,  0.        ,  0.        ,  0.        ,  0.        ,
       -0.00990204,  0.        ,  0.        ,  0.        ,  0.        ,
        0.        ,  0.        ,  0.        ,  0.        ,  0.        ,
        0.        ,  0.        ,  0.        ,  0.        ,  0.        ,
        0.        ,  0.        ,  0.        ,  0.        ,  0.        ,
        0.        ,  0.        ,  0.        ,  0.        ,  0.        ,
        0.        ,  0.        ,  0.        ,  0.        ,  0.        ,
        0.        ,  0.        ,  0.        ,  0.        ,  0.        ,
        0.02654209,  0.        ,  0.        ,  0.        ,  0.        ,
        0.        , -0.00580778,  0.        , -0.02078148,  0.        ,
        0.        ,  0.        ,  0.        ,  0.        ,  0.        ,
        0.        ,  0.        ,  0.        ,  0.        ,  0.        ,
        0.        ,  0.        ,  0.        ,  0.        ,  0.        ,
        0.        ,  0.        ,  0.        ,  0.        ,  0.        ,
        0.        ,  0.        ,  0.        ,  0.        ,  0.        ,
        0.        ,  0.        ,  0.        ,  0.        ,  0.        ,
        0.        ,  0.        ,  0.        ,  0.        ,  0.        ,
        0.        ,  0.        ,  0.        ,  0.        ,  0.        ,
        0.        ,  0.        ,  0.        ,  0.        ,  0.        ,
        0.        ,  0.        ,  0.        ,  0.        ,  0.        ,
        0.        ,  0.        ,  0.        ,  0.        ,  0.        ,
       -0.00864645,  0.        ,  0.        ,  0.        ,  0.        ,
        0.        ,  0.        ,  0.        ,  0.        ,  0.        ,
        0.        ,  0.        ,  0.        ,  0.        ,  0.        ,
        0.        ,  0.        ,  0.        ,  0.        ,  0.        ,
        0.        ,  0.        ,  0.        ,  0.        ,  0.        ,
        0.        ,  0.        , -0.00265318,  0.        ,  0.        ,
        0.        ,  0.        , -0.01285755,  0.        ,  0.        ,
        0.        ,  0.        ,  0.        ,  0.        ,  0.        ,
        0.        ,  0.        ,  0.        ,  0.        ,  0.        ,
        0.        ,  0.        ,  0.        ,  0.        ,  0.        ,
        0.        ,  0.        ,  0.        ,  0.        ,  0.        ,
        0.        ,  0.        ,  0.        ,  0.        ,  0.        ,
        0.        ,  0.        ,  0.        ,  0.        ,  0.        ,
        0.        ,  0.        ])
21:37:55 | INFO     | num_full_subsets = 0
21:37:55 | INFO     | remaining_weight_vector = array([0.1720551 , 0.08648033, 0.0579586 , 0.04370017, 0.03514709,
       0.02944671, 0.02537647, 0.02232508, 0.01995296, 0.01805633,
       0.01650554, 0.01521413, 0.01412227, 0.01318721, 0.0123776 ,
       0.01166993, 0.01104623, 0.0104925 , 0.00999773, 0.00955306,
       0.00915136, 0.00878677, 0.00845447, 0.00815043, 0.00787126,
       0.00761412, 0.00737655, 0.00715647, 0.00695209, 0.00676184,
       0.00658436, 0.00641846, 0.00626311, 0.00611737, 0.00598044,
       0.00585159, 0.00573017, 0.00561561, 0.00550738, 0.00540502,
       0.00530811, 0.00521627, 0.00512916, 0.00504646, 0.00496788,
       0.00489317, 0.00482209, 0.00475442, 0.00468996, 0.00462852,
       0.00456995, 0.00451408, 0.00446077, 0.00440989, 0.00436132,
       0.00431493, 0.00427063, 0.00422832, 0.00418791, 0.00414931,
       0.00411244, 0.00407724, 0.00404362, 0.00401154, 0.00398092,
       0.00395172, 0.00392388, 0.00389736, 0.0038721 , 0.00384807,
       0.00382523, 0.00380353, 0.00378295, 0.00376346, 0.00374502,
       0.0037276 , 0.00371118, 0.00369574, 0.00368125, 0.00366769,
       0.00365505, 0.0036433 , 0.00363242, 0.00362241, 0.00361325,
       0.00360493, 0.00359743, 0.00359075, 0.00358487, 0.0035798 ,
       0.00357551, 0.00357201, 0.0035693 , 0.00356736, 0.0035662 ,
       0.00356581])
21:37:55 | INFO     | num_paired_subset_sizes = 95
21:37:55 | INFO     | weight_left = np.float64(1.0)
21:38:59 | INFO     | np.sum(w_aug) = np.float64(192.00000000000006)
21:38:59 | INFO     | np.sum(self.kernelWeights) = np.float64(0.9999999999999999)
21:38:59 | INFO     | phi = array([ 0.        ,  0.        ,  0.        ,  0.        ,  0.0766306 ,
        0.01927591,  0.        ,  0.        ,  0.        ,  0.        ,
        0.        ,  0.        ,  0.        ,  0.        ,  0.        ,
        0.        ,  0.        ,  0.        ,  0.        ,  0.        ,
        0.        ,  0.        ,  0.        ,  0.        ,  0.        ,
        0.        ,  0.        ,  0.        ,  0.        ,  0.        ,
        0.        ,  0.        ,  0.        ,  0.        ,  0.        ,
        0.        ,  0.        ,  0.        ,  0.        ,  0.        ,
        0.        ,  0.        ,  0.        ,  0.        ,  0.        ,
        0.        ,  0.        ,  0.        ,  0.        ,  0.        ,
        0.        ,  0.        ,  0.        ,  0.        ,  0.        ,
        0.        ,  0.        ,  0.        ,  0.        ,  0.        ,
        0.        ,  0.        ,  0.        ,  0.        ,  0.08081084,
       -0.0155099 , -0.01524994,  0.        ,  0.        ,  0.        ,
       -0.02229683, -0.01163439,  0.        ,  0.        ,  0.        ,
        0.        ,  0.        ,  0.        ,  0.        ,  0.        ,
        0.        ,  0.        ,  0.        ,  0.        ,  0.        ,
        0.        ,  0.        ,  0.        ,  0.        ,  0.        ,
        0.        ,  0.        ,  0.        ,  0.01008666,  0.        ,
        0.        ,  0.        ,  0.        ,  0.        ,  0.        ,
        0.        ,  0.        ,  0.        ,  0.        ,  0.        ,
        0.        ,  0.        ,  0.        ,  0.        ,  0.        ,
        0.        ,  0.        ,  0.        ,  0.        ,  0.02037199,
        0.        ,  0.        ,  0.        ,  0.        ,  0.        ,
        0.        ,  0.        ,  0.        ,  0.        ,  0.        ,
        0.        ,  0.        ,  0.        , -0.02403046,  0.        ,
        0.        ,  0.        ,  0.        ,  0.        ,  0.        ,
        0.        ,  0.        ,  0.        ,  0.        ,  0.        ,
        0.        ,  0.        ,  0.        ,  0.        ,  0.        ,
        0.        ,  0.        ,  0.        ,  0.        ,  0.        ,
        0.        ,  0.        ,  0.        ,  0.        ,  0.        ,
        0.        ,  0.        ,  0.        ,  0.        ,  0.        ,
        0.        ,  0.        ,  0.        ,  0.        ,  0.        ,
        0.        ,  0.        ,  0.        ,  0.        ,  0.        ,
        0.        ,  0.        ,  0.        ,  0.        ,  0.        ,
        0.        ,  0.        ,  0.        ,  0.        ,  0.        ,
        0.        ,  0.        ,  0.        ,  0.        ,  0.        ,
        0.        ,  0.        ,  0.        ,  0.        ,  0.        ,
        0.        ,  0.        ])
21:38:59 | INFO     | np.sum(w_aug) = np.float64(192.00000000000006)
21:38:59 | INFO     | np.sum(self.kernelWeights) = np.float64(0.9999999999999999)
21:38:59 | INFO     | phi = array([ 0.        ,  0.        ,  0.        ,  0.        , -0.07663059,
       -0.01927592,  0.        ,  0.        ,  0.        ,  0.        ,
        0.        ,  0.        ,  0.        ,  0.        ,  0.        ,
        0.        ,  0.        ,  0.        ,  0.        ,  0.        ,
        0.        ,  0.        ,  0.        ,  0.        ,  0.        ,
        0.        ,  0.        ,  0.        ,  0.        ,  0.        ,
        0.        ,  0.        ,  0.        ,  0.        ,  0.        ,
        0.        ,  0.        ,  0.        ,  0.        ,  0.        ,
        0.        ,  0.        ,  0.        ,  0.        ,  0.        ,
        0.        ,  0.        ,  0.        ,  0.        ,  0.        ,
        0.        ,  0.        ,  0.        ,  0.        ,  0.        ,
        0.        ,  0.        ,  0.        ,  0.        ,  0.        ,
        0.        ,  0.        ,  0.        ,  0.        , -0.08081083,
        0.01550991,  0.01524994,  0.        ,  0.        ,  0.        ,
        0.02229682,  0.01163438,  0.        ,  0.        ,  0.        ,
        0.        ,  0.        ,  0.        ,  0.        ,  0.        ,
        0.        ,  0.        ,  0.        ,  0.        ,  0.        ,
        0.        ,  0.        ,  0.        ,  0.        ,  0.        ,
        0.        ,  0.        ,  0.        , -0.01008667,  0.        ,
        0.        ,  0.        ,  0.        ,  0.        ,  0.        ,
        0.        ,  0.        ,  0.        ,  0.        ,  0.        ,
        0.        ,  0.        ,  0.        ,  0.        ,  0.        ,
        0.        ,  0.        ,  0.        ,  0.        , -0.02037199,
        0.        ,  0.        ,  0.        ,  0.        ,  0.        ,
        0.        ,  0.        ,  0.        ,  0.        ,  0.        ,
        0.        ,  0.        ,  0.        ,  0.02403045,  0.        ,
        0.        ,  0.        ,  0.        ,  0.        ,  0.        ,
        0.        ,  0.        ,  0.        ,  0.        ,  0.        ,
        0.        ,  0.        ,  0.        ,  0.        ,  0.        ,
        0.        ,  0.        ,  0.        ,  0.        ,  0.        ,
        0.        ,  0.        ,  0.        ,  0.        ,  0.        ,
        0.        ,  0.        ,  0.        ,  0.        ,  0.        ,
        0.        ,  0.        ,  0.        ,  0.        ,  0.        ,
        0.        ,  0.        ,  0.        ,  0.        ,  0.        ,
        0.        ,  0.        ,  0.        ,  0.        ,  0.        ,
        0.        ,  0.        ,  0.        ,  0.        ,  0.        ,
        0.        ,  0.        ,  0.        ,  0.        ,  0.        ,
        0.        ,  0.        ,  0.        ,  0.        ,  0.        ,
        0.        ,  0.        ])
21:38:59 | INFO     | num_full_subsets = 0
21:38:59 | INFO     | remaining_weight_vector = array([0.1720551 , 0.08648033, 0.0579586 , 0.04370017, 0.03514709,
       0.02944671, 0.02537647, 0.02232508, 0.01995296, 0.01805633,
       0.01650554, 0.01521413, 0.01412227, 0.01318721, 0.0123776 ,
       0.01166993, 0.01104623, 0.0104925 , 0.00999773, 0.00955306,
       0.00915136, 0.00878677, 0.00845447, 0.00815043, 0.00787126,
       0.00761412, 0.00737655, 0.00715647, 0.00695209, 0.00676184,
       0.00658436, 0.00641846, 0.00626311, 0.00611737, 0.00598044,
       0.00585159, 0.00573017, 0.00561561, 0.00550738, 0.00540502,
       0.00530811, 0.00521627, 0.00512916, 0.00504646, 0.00496788,
       0.00489317, 0.00482209, 0.00475442, 0.00468996, 0.00462852,
       0.00456995, 0.00451408, 0.00446077, 0.00440989, 0.00436132,
       0.00431493, 0.00427063, 0.00422832, 0.00418791, 0.00414931,
       0.00411244, 0.00407724, 0.00404362, 0.00401154, 0.00398092,
       0.00395172, 0.00392388, 0.00389736, 0.0038721 , 0.00384807,
       0.00382523, 0.00380353, 0.00378295, 0.00376346, 0.00374502,
       0.0037276 , 0.00371118, 0.00369574, 0.00368125, 0.00366769,
       0.00365505, 0.0036433 , 0.00363242, 0.00362241, 0.00361325,
       0.00360493, 0.00359743, 0.00359075, 0.00358487, 0.0035798 ,
       0.00357551, 0.00357201, 0.0035693 , 0.00356736, 0.0035662 ,
       0.00356581])
21:38:59 | INFO     | num_paired_subset_sizes = 95
21:38:59 | INFO     | weight_left = np.float64(1.0)
21:40:07 | INFO     | np.sum(w_aug) = np.float64(192.0)
21:40:07 | INFO     | np.sum(self.kernelWeights) = np.float64(0.9999999999999996)
21:40:07 | INFO     | phi = array([ 0.        ,  0.        ,  0.        ,  0.        ,  0.        ,
        0.        ,  0.        ,  0.07943796,  0.        ,  0.        ,
        0.        ,  0.00182048,  0.        ,  0.        ,  0.        ,
        0.        ,  0.        ,  0.        ,  0.        ,  0.        ,
        0.        ,  0.        ,  0.        ,  0.        ,  0.        ,
        0.        ,  0.        ,  0.        ,  0.        ,  0.        ,
        0.        ,  0.        ,  0.        ,  0.        ,  0.        ,
        0.        ,  0.        ,  0.        ,  0.        ,  0.        ,
        0.01245013,  0.        ,  0.        ,  0.        ,  0.        ,
        0.        ,  0.        ,  0.        ,  0.        ,  0.        ,
        0.        ,  0.        ,  0.        ,  0.        ,  0.        ,
        0.        ,  0.        ,  0.        ,  0.        ,  0.        ,
        0.        ,  0.        , -0.04931887,  0.        ,  0.        ,
        0.        ,  0.        ,  0.        ,  0.        ,  0.        ,
        0.        ,  0.01786559,  0.        ,  0.        ,  0.        ,
        0.        ,  0.        ,  0.        ,  0.        ,  0.        ,
        0.        ,  0.        ,  0.        ,  0.        ,  0.        ,
        0.        ,  0.        ,  0.        ,  0.        ,  0.        ,
        0.        ,  0.        ,  0.        ,  0.        ,  0.        ,
        0.        ,  0.        ,  0.        ,  0.        ,  0.        ,
        0.        ,  0.        ,  0.        ,  0.        ,  0.        ,
        0.        ,  0.        ,  0.        ,  0.        ,  0.        ,
        0.        ,  0.        ,  0.        ,  0.        ,  0.        ,
        0.        ,  0.        ,  0.        , -0.03543664,  0.        ,
        0.        ,  0.        ,  0.        ,  0.        ,  0.        ,
        0.        ,  0.        ,  0.        ,  0.        ,  0.        ,
        0.        ,  0.        ,  0.        ,  0.        ,  0.        ,
        0.        ,  0.        ,  0.        ,  0.        ,  0.        ,
        0.00543646,  0.        ,  0.        ,  0.        ,  0.        ,
        0.        ,  0.        ,  0.        ,  0.        ,  0.        ,
        0.        ,  0.        ,  0.        ,  0.        ,  0.        ,
        0.        ,  0.        ,  0.        ,  0.        ,  0.        ,
        0.        ,  0.        ,  0.        ,  0.        ,  0.        ,
        0.        ,  0.        ,  0.        ,  0.        ,  0.        ,
        0.        ,  0.        ,  0.        ,  0.        ,  0.        ,
        0.        ,  0.        ,  0.        ,  0.        ,  0.        ,
        0.        ,  0.        , -0.02534955,  0.        ,  0.01498194,
        0.        ,  0.        ,  0.        ,  0.02050719,  0.        ,
        0.        ,  0.        ])
21:40:07 | INFO     | np.sum(w_aug) = np.float64(192.0)
21:40:07 | INFO     | np.sum(self.kernelWeights) = np.float64(0.9999999999999996)
21:40:07 | INFO     | phi = array([ 0.        ,  0.        ,  0.        ,  0.        ,  0.        ,
        0.        ,  0.        , -0.07943796,  0.        ,  0.        ,
        0.        , -0.00182046,  0.        ,  0.        ,  0.        ,
        0.        ,  0.        ,  0.        ,  0.        ,  0.        ,
        0.        ,  0.        ,  0.        ,  0.        ,  0.        ,
        0.        ,  0.        ,  0.        ,  0.        ,  0.        ,
        0.        ,  0.        ,  0.        ,  0.        ,  0.        ,
        0.        ,  0.        ,  0.        ,  0.        ,  0.        ,
       -0.01245012,  0.        ,  0.        ,  0.        ,  0.        ,
        0.        ,  0.        ,  0.        ,  0.        ,  0.        ,
        0.        ,  0.        ,  0.        ,  0.        ,  0.        ,
        0.        ,  0.        ,  0.        ,  0.        ,  0.        ,
        0.        ,  0.        ,  0.04931886,  0.        ,  0.        ,
        0.        ,  0.        ,  0.        ,  0.        ,  0.        ,
        0.        , -0.01786562,  0.        ,  0.        ,  0.        ,
        0.        ,  0.        ,  0.        ,  0.        ,  0.        ,
        0.        ,  0.        ,  0.        ,  0.        ,  0.        ,
        0.        ,  0.        ,  0.        ,  0.        ,  0.        ,
        0.        ,  0.        ,  0.        ,  0.        ,  0.        ,
        0.        ,  0.        ,  0.        ,  0.        ,  0.        ,
        0.        ,  0.        ,  0.        ,  0.        ,  0.        ,
        0.        ,  0.        ,  0.        ,  0.        ,  0.        ,
        0.        ,  0.        ,  0.        ,  0.        ,  0.        ,
        0.        ,  0.        ,  0.        ,  0.03543665,  0.        ,
        0.        ,  0.        ,  0.        ,  0.        ,  0.        ,
        0.        ,  0.        ,  0.        ,  0.        ,  0.        ,
        0.        ,  0.        ,  0.        ,  0.        ,  0.        ,
        0.        ,  0.        ,  0.        ,  0.        ,  0.        ,
       -0.00543645,  0.        ,  0.        ,  0.        ,  0.        ,
        0.        ,  0.        ,  0.        ,  0.        ,  0.        ,
        0.        ,  0.        ,  0.        ,  0.        ,  0.        ,
        0.        ,  0.        ,  0.        ,  0.        ,  0.        ,
        0.        ,  0.        ,  0.        ,  0.        ,  0.        ,
        0.        ,  0.        ,  0.        ,  0.        ,  0.        ,
        0.        ,  0.        ,  0.        ,  0.        ,  0.        ,
        0.        ,  0.        ,  0.        ,  0.        ,  0.        ,
        0.        ,  0.        ,  0.02534955,  0.        , -0.01498194,
        0.        ,  0.        ,  0.        , -0.0205072 ,  0.        ,
        0.        ,  0.        ])
21:40:07 | INFO     | num_full_subsets = 0
21:40:07 | INFO     | remaining_weight_vector = array([0.1720551 , 0.08648033, 0.0579586 , 0.04370017, 0.03514709,
       0.02944671, 0.02537647, 0.02232508, 0.01995296, 0.01805633,
       0.01650554, 0.01521413, 0.01412227, 0.01318721, 0.0123776 ,
       0.01166993, 0.01104623, 0.0104925 , 0.00999773, 0.00955306,
       0.00915136, 0.00878677, 0.00845447, 0.00815043, 0.00787126,
       0.00761412, 0.00737655, 0.00715647, 0.00695209, 0.00676184,
       0.00658436, 0.00641846, 0.00626311, 0.00611737, 0.00598044,
       0.00585159, 0.00573017, 0.00561561, 0.00550738, 0.00540502,
       0.00530811, 0.00521627, 0.00512916, 0.00504646, 0.00496788,
       0.00489317, 0.00482209, 0.00475442, 0.00468996, 0.00462852,
       0.00456995, 0.00451408, 0.00446077, 0.00440989, 0.00436132,
       0.00431493, 0.00427063, 0.00422832, 0.00418791, 0.00414931,
       0.00411244, 0.00407724, 0.00404362, 0.00401154, 0.00398092,
       0.00395172, 0.00392388, 0.00389736, 0.0038721 , 0.00384807,
       0.00382523, 0.00380353, 0.00378295, 0.00376346, 0.00374502,
       0.0037276 , 0.00371118, 0.00369574, 0.00368125, 0.00366769,
       0.00365505, 0.0036433 , 0.00363242, 0.00362241, 0.00361325,
       0.00360493, 0.00359743, 0.00359075, 0.00358487, 0.0035798 ,
       0.00357551, 0.00357201, 0.0035693 , 0.00356736, 0.0035662 ,
       0.00356581])
21:40:07 | INFO     | num_paired_subset_sizes = 95
21:40:07 | INFO     | weight_left = np.float64(1.0)
21:41:08 | INFO     | np.sum(w_aug) = np.float64(192.0)
21:41:08 | INFO     | np.sum(self.kernelWeights) = np.float64(0.9999999999999999)
21:41:08 | INFO     | phi = array([ 0.        ,  0.        , -0.06269514,  0.        ,  0.        ,
        0.        ,  0.        ,  0.        ,  0.        ,  0.01730618,
        0.        ,  0.        ,  0.        ,  0.        ,  0.        ,
        0.        ,  0.        ,  0.        ,  0.        ,  0.        ,
        0.        ,  0.        ,  0.        ,  0.        ,  0.        ,
        0.        ,  0.01959983,  0.        ,  0.        ,  0.        ,
        0.        ,  0.        ,  0.        ,  0.        ,  0.        ,
        0.        ,  0.        ,  0.        ,  0.        ,  0.        ,
        0.        ,  0.        ,  0.        ,  0.        ,  0.        ,
        0.        ,  0.        ,  0.        ,  0.        ,  0.        ,
        0.        ,  0.        ,  0.        ,  0.        ,  0.        ,
        0.        ,  0.        ,  0.        ,  0.        ,  0.        ,
        0.        ,  0.        ,  0.        ,  0.        ,  0.        ,
       -0.01728243,  0.        ,  0.        ,  0.00375116,  0.        ,
        0.        ,  0.        ,  0.        ,  0.        ,  0.        ,
        0.        ,  0.        ,  0.        ,  0.        ,  0.        ,
        0.        ,  0.        ,  0.        ,  0.        ,  0.        ,
        0.        ,  0.        ,  0.        ,  0.        ,  0.        ,
        0.        , -0.01036847,  0.        ,  0.        ,  0.        ,
        0.        ,  0.        ,  0.        ,  0.        ,  0.        ,
        0.        ,  0.        ,  0.        ,  0.        ,  0.        ,
        0.        ,  0.        ,  0.        ,  0.        ,  0.        ,
        0.        ,  0.        ,  0.        ,  0.        ,  0.        ,
        0.        ,  0.        ,  0.        ,  0.        ,  0.        ,
       -0.01214977,  0.        ,  0.        ,  0.01141745,  0.        ,
        0.        ,  0.        ,  0.        ,  0.        ,  0.        ,
        0.        ,  0.        ,  0.        ,  0.        ,  0.        ,
        0.        ,  0.        ,  0.        ,  0.        ,  0.        ,
        0.        ,  0.        ,  0.        ,  0.        ,  0.        ,
        0.        ,  0.        ,  0.        ,  0.        ,  0.        ,
        0.        ,  0.        ,  0.        ,  0.        ,  0.        ,
        0.        ,  0.        ,  0.        ,  0.        ,  0.        ,
        0.        ,  0.        ,  0.        ,  0.        ,  0.        ,
        0.        ,  0.        ,  0.        ,  0.        ,  0.        ,
        0.        ,  0.        ,  0.        ,  0.00831649,  0.        ,
        0.        ,  0.        ,  0.        ,  0.        ,  0.        ,
        0.        , -0.01922801,  0.        ,  0.        ,  0.        ,
        0.        ,  0.        ,  0.        ,  0.        ,  0.        ,
        0.        ,  0.        ])
21:41:08 | INFO     | np.sum(w_aug) = np.float64(192.0)
21:41:08 | INFO     | np.sum(self.kernelWeights) = np.float64(0.9999999999999999)
21:41:08 | INFO     | phi = array([ 0.        ,  0.        ,  0.06269516,  0.        ,  0.        ,
        0.        ,  0.        ,  0.        ,  0.        , -0.01730621,
        0.        ,  0.        ,  0.        ,  0.        ,  0.        ,
        0.        ,  0.        ,  0.        ,  0.        ,  0.        ,
        0.        ,  0.        ,  0.        ,  0.        ,  0.        ,
        0.        , -0.01959983,  0.        ,  0.        ,  0.        ,
        0.        ,  0.        ,  0.        ,  0.        ,  0.        ,
        0.        ,  0.        ,  0.        ,  0.        ,  0.        ,
        0.        ,  0.        ,  0.        ,  0.        ,  0.        ,
        0.        ,  0.        ,  0.        ,  0.        ,  0.        ,
        0.        ,  0.        ,  0.        ,  0.        ,  0.        ,
        0.        ,  0.        ,  0.        ,  0.        ,  0.        ,
        0.        ,  0.        ,  0.        ,  0.        ,  0.        ,
        0.01728244,  0.        ,  0.        , -0.00375112,  0.        ,
        0.        ,  0.        ,  0.        ,  0.        ,  0.        ,
        0.        ,  0.        ,  0.        ,  0.        ,  0.        ,
        0.        ,  0.        ,  0.        ,  0.        ,  0.        ,
        0.        ,  0.        ,  0.        ,  0.        ,  0.        ,
        0.        ,  0.01036847,  0.        ,  0.        ,  0.        ,
        0.        ,  0.        ,  0.        ,  0.        ,  0.        ,
        0.        ,  0.        ,  0.        ,  0.        ,  0.        ,
        0.        ,  0.        ,  0.        ,  0.        ,  0.        ,
        0.        ,  0.        ,  0.        ,  0.        ,  0.        ,
        0.        ,  0.        ,  0.        ,  0.        ,  0.        ,
        0.01214976,  0.        ,  0.        , -0.01141745,  0.        ,
        0.        ,  0.        ,  0.        ,  0.        ,  0.        ,
        0.        ,  0.        ,  0.        ,  0.        ,  0.        ,
        0.        ,  0.        ,  0.        ,  0.        ,  0.        ,
        0.        ,  0.        ,  0.        ,  0.        ,  0.        ,
        0.        ,  0.        ,  0.        ,  0.        ,  0.        ,
        0.        ,  0.        ,  0.        ,  0.        ,  0.        ,
        0.        ,  0.        ,  0.        ,  0.        ,  0.        ,
        0.        ,  0.        ,  0.        ,  0.        ,  0.        ,
        0.        ,  0.        ,  0.        ,  0.        ,  0.        ,
        0.        ,  0.        ,  0.        , -0.00831649,  0.        ,
        0.        ,  0.        ,  0.        ,  0.        ,  0.        ,
        0.        ,  0.01922803,  0.        ,  0.        ,  0.        ,
        0.        ,  0.        ,  0.        ,  0.        ,  0.        ,
        0.        ,  0.        ])
21:41:08 | INFO     | num_full_subsets = 0
21:41:08 | INFO     | remaining_weight_vector = array([0.1720551 , 0.08648033, 0.0579586 , 0.04370017, 0.03514709,
       0.02944671, 0.02537647, 0.02232508, 0.01995296, 0.01805633,
       0.01650554, 0.01521413, 0.01412227, 0.01318721, 0.0123776 ,
       0.01166993, 0.01104623, 0.0104925 , 0.00999773, 0.00955306,
       0.00915136, 0.00878677, 0.00845447, 0.00815043, 0.00787126,
       0.00761412, 0.00737655, 0.00715647, 0.00695209, 0.00676184,
       0.00658436, 0.00641846, 0.00626311, 0.00611737, 0.00598044,
       0.00585159, 0.00573017, 0.00561561, 0.00550738, 0.00540502,
       0.00530811, 0.00521627, 0.00512916, 0.00504646, 0.00496788,
       0.00489317, 0.00482209, 0.00475442, 0.00468996, 0.00462852,
       0.00456995, 0.00451408, 0.00446077, 0.00440989, 0.00436132,
       0.00431493, 0.00427063, 0.00422832, 0.00418791, 0.00414931,
       0.00411244, 0.00407724, 0.00404362, 0.00401154, 0.00398092,
       0.00395172, 0.00392388, 0.00389736, 0.0038721 , 0.00384807,
       0.00382523, 0.00380353, 0.00378295, 0.00376346, 0.00374502,
       0.0037276 , 0.00371118, 0.00369574, 0.00368125, 0.00366769,
       0.00365505, 0.0036433 , 0.00363242, 0.00362241, 0.00361325,
       0.00360493, 0.00359743, 0.00359075, 0.00358487, 0.0035798 ,
       0.00357551, 0.00357201, 0.0035693 , 0.00356736, 0.0035662 ,
       0.00356581])
21:41:08 | INFO     | num_paired_subset_sizes = 95
21:41:08 | INFO     | weight_left = np.float64(1.0)
21:42:14 | INFO     | np.sum(w_aug) = np.float64(192.0)
21:42:14 | INFO     | np.sum(self.kernelWeights) = np.float64(0.9999999999999996)
21:42:14 | INFO     | phi = array([0.        , 0.00976651, 0.21364215, 0.        , 0.05472966,
       0.        , 0.        , 0.        , 0.        , 0.        ,
       0.        , 0.        , 0.00631654, 0.        , 0.        ,
       0.        , 0.        , 0.        , 0.        , 0.        ,
       0.        , 0.        , 0.00795877, 0.        , 0.        ,
       0.        , 0.        , 0.        , 0.        , 0.        ,
       0.        , 0.        , 0.        , 0.        , 0.        ,
       0.        , 0.        , 0.        , 0.        , 0.        ,
       0.        , 0.        , 0.        , 0.        , 0.        ,
       0.        , 0.        , 0.        , 0.        , 0.        ,
       0.        , 0.        , 0.        , 0.        , 0.        ,
       0.        , 0.        , 0.        , 0.        , 0.        ,
       0.        , 0.        , 0.        , 0.        , 0.        ,
       0.        , 0.        , 0.        , 0.01901716, 0.        ,
       0.        , 0.        , 0.        , 0.        , 0.        ,
       0.        , 0.        , 0.        , 0.        , 0.        ,
       0.        , 0.        , 0.        , 0.        , 0.        ,
       0.        , 0.00360588, 0.        , 0.        , 0.        ,
       0.00511339, 0.        , 0.        , 0.        , 0.        ,
       0.        , 0.        , 0.        , 0.        , 0.        ,
       0.        , 0.        , 0.        , 0.        , 0.        ,
       0.        , 0.        , 0.        , 0.        , 0.        ,
       0.        , 0.        , 0.        , 0.        , 0.00455102,
       0.        , 0.        , 0.        , 0.        , 0.        ,
       0.00224377, 0.        , 0.        , 0.        , 0.        ,
       0.        , 0.        , 0.        , 0.        , 0.        ,
       0.        , 0.        , 0.        , 0.        , 0.        ,
       0.        , 0.        , 0.        , 0.        , 0.        ,
       0.        , 0.        , 0.        , 0.        , 0.        ,
       0.        , 0.        , 0.        , 0.        , 0.        ,
       0.        , 0.        , 0.        , 0.        , 0.        ,
       0.        , 0.        , 0.        , 0.        , 0.        ,
       0.        , 0.        , 0.        , 0.        , 0.        ,
       0.        , 0.        , 0.        , 0.        , 0.        ,
       0.        , 0.        , 0.        , 0.        , 0.        ,
       0.        , 0.        , 0.        , 0.        , 0.        ,
       0.        , 0.        , 0.        , 0.        , 0.        ,
       0.        , 0.        , 0.        , 0.        , 0.        ,
       0.        , 0.        ])
21:42:14 | INFO     | np.sum(w_aug) = np.float64(192.0)
21:42:14 | INFO     | np.sum(self.kernelWeights) = np.float64(0.9999999999999996)
21:42:14 | INFO     | phi = array([ 0.        , -0.00976653, -0.21364215,  0.        , -0.05472967,
        0.        ,  0.        ,  0.        ,  0.        ,  0.        ,
        0.        ,  0.        , -0.00631655,  0.        ,  0.        ,
        0.        ,  0.        ,  0.        ,  0.        ,  0.        ,
        0.        ,  0.        , -0.00795876,  0.        ,  0.        ,
        0.        ,  0.        ,  0.        ,  0.        ,  0.        ,
        0.        ,  0.        ,  0.        ,  0.        ,  0.        ,
        0.        ,  0.        ,  0.        ,  0.        ,  0.        ,
        0.        ,  0.        ,  0.        ,  0.        ,  0.        ,
        0.        ,  0.        ,  0.        ,  0.        ,  0.        ,
        0.        ,  0.        ,  0.        ,  0.        ,  0.        ,
        0.        ,  0.        ,  0.        ,  0.        ,  0.        ,
        0.        ,  0.        ,  0.        ,  0.        ,  0.        ,
        0.        ,  0.        ,  0.        , -0.01901716,  0.        ,
        0.        ,  0.        ,  0.        ,  0.        ,  0.        ,
        0.        ,  0.        ,  0.        ,  0.        ,  0.        ,
        0.        ,  0.        ,  0.        ,  0.        ,  0.        ,
        0.        , -0.00360587,  0.        ,  0.        ,  0.        ,
       -0.00511341,  0.        ,  0.        ,  0.        ,  0.        ,
        0.        ,  0.        ,  0.        ,  0.        ,  0.        ,
        0.        ,  0.        ,  0.        ,  0.        ,  0.        ,
        0.        ,  0.        ,  0.        ,  0.        ,  0.        ,
        0.        ,  0.        ,  0.        ,  0.        , -0.00455103,
        0.        ,  0.        ,  0.        ,  0.        ,  0.        ,
       -0.00224377,  0.        ,  0.        ,  0.        ,  0.        ,
        0.        ,  0.        ,  0.        ,  0.        ,  0.        ,
        0.        ,  0.        ,  0.        ,  0.        ,  0.        ,
        0.        ,  0.        ,  0.        ,  0.        ,  0.        ,
        0.        ,  0.        ,  0.        ,  0.        ,  0.        ,
        0.        ,  0.        ,  0.        ,  0.        ,  0.        ,
        0.        ,  0.        ,  0.        ,  0.        ,  0.        ,
        0.        ,  0.        ,  0.        ,  0.        ,  0.        ,
        0.        ,  0.        ,  0.        ,  0.        ,  0.        ,
        0.        ,  0.        ,  0.        ,  0.        ,  0.        ,
        0.        ,  0.        ,  0.        ,  0.        ,  0.        ,
        0.        ,  0.        ,  0.        ,  0.        ,  0.        ,
        0.        ,  0.        ,  0.        ,  0.        ,  0.        ,
        0.        ,  0.        ,  0.        ,  0.        ,  0.        ,
        0.        ,  0.        ])
21:42:14 | INFO     | num_full_subsets = 0
21:42:14 | INFO     | remaining_weight_vector = array([0.1720551 , 0.08648033, 0.0579586 , 0.04370017, 0.03514709,
       0.02944671, 0.02537647, 0.02232508, 0.01995296, 0.01805633,
       0.01650554, 0.01521413, 0.01412227, 0.01318721, 0.0123776 ,
       0.01166993, 0.01104623, 0.0104925 , 0.00999773, 0.00955306,
       0.00915136, 0.00878677, 0.00845447, 0.00815043, 0.00787126,
       0.00761412, 0.00737655, 0.00715647, 0.00695209, 0.00676184,
       0.00658436, 0.00641846, 0.00626311, 0.00611737, 0.00598044,
       0.00585159, 0.00573017, 0.00561561, 0.00550738, 0.00540502,
       0.00530811, 0.00521627, 0.00512916, 0.00504646, 0.00496788,
       0.00489317, 0.00482209, 0.00475442, 0.00468996, 0.00462852,
       0.00456995, 0.00451408, 0.00446077, 0.00440989, 0.00436132,
       0.00431493, 0.00427063, 0.00422832, 0.00418791, 0.00414931,
       0.00411244, 0.00407724, 0.00404362, 0.00401154, 0.00398092,
       0.00395172, 0.00392388, 0.00389736, 0.0038721 , 0.00384807,
       0.00382523, 0.00380353, 0.00378295, 0.00376346, 0.00374502,
       0.0037276 , 0.00371118, 0.00369574, 0.00368125, 0.00366769,
       0.00365505, 0.0036433 , 0.00363242, 0.00362241, 0.00361325,
       0.00360493, 0.00359743, 0.00359075, 0.00358487, 0.0035798 ,
       0.00357551, 0.00357201, 0.0035693 , 0.00356736, 0.0035662 ,
       0.00356581])
21:42:14 | INFO     | num_paired_subset_sizes = 95
21:42:14 | INFO     | weight_left = np.float64(1.0)
21:43:20 | INFO     | np.sum(w_aug) = np.float64(192.0)
21:43:20 | INFO     | np.sum(self.kernelWeights) = np.float64(0.9999999999999996)
21:43:20 | INFO     | phi = array([ 0.        , -0.0116947 , -0.00858007,  0.        ,  0.        ,
        0.        ,  0.        ,  0.        ,  0.        ,  0.        ,
        0.        ,  0.        ,  0.        ,  0.        ,  0.        ,
        0.        ,  0.        ,  0.        ,  0.        ,  0.        ,
        0.        ,  0.        ,  0.        ,  0.        ,  0.        ,
        0.        ,  0.        ,  0.        ,  0.        ,  0.        ,
        0.        ,  0.        ,  0.        ,  0.        ,  0.        ,
        0.        ,  0.        ,  0.        ,  0.        ,  0.        ,
        0.        ,  0.        ,  0.        ,  0.        ,  0.        ,
        0.        ,  0.        ,  0.        ,  0.        ,  0.        ,
        0.        ,  0.        ,  0.        ,  0.        ,  0.        ,
        0.        ,  0.        ,  0.        ,  0.        ,  0.        ,
        0.        ,  0.        ,  0.        ,  0.        ,  0.        ,
       -0.03714776,  0.        ,  0.        ,  0.        ,  0.        ,
       -0.00635601,  0.        ,  0.        ,  0.        ,  0.        ,
        0.        ,  0.        ,  0.        ,  0.        ,  0.        ,
       -0.00279162,  0.        ,  0.        ,  0.        ,  0.        ,
       -0.00150498,  0.        ,  0.        ,  0.        ,  0.        ,
        0.        ,  0.        ,  0.        ,  0.        ,  0.        ,
        0.        ,  0.        ,  0.        ,  0.        ,  0.        ,
        0.        , -0.00180264,  0.        ,  0.        ,  0.        ,
        0.        ,  0.        ,  0.        ,  0.        ,  0.        ,
        0.        ,  0.        ,  0.        ,  0.        ,  0.        ,
        0.        ,  0.        ,  0.        ,  0.        ,  0.        ,
        0.        ,  0.        ,  0.        ,  0.        ,  0.        ,
        0.        ,  0.        , -0.00065106,  0.        ,  0.        ,
        0.        ,  0.        ,  0.        ,  0.        ,  0.        ,
        0.        , -0.00158815,  0.        ,  0.        ,  0.        ,
        0.        ,  0.        ,  0.        ,  0.        ,  0.        ,
        0.        ,  0.        ,  0.        ,  0.        ,  0.        ,
       -0.00169589,  0.        ,  0.        ,  0.        ,  0.        ,
        0.        ,  0.        ,  0.        ,  0.        ,  0.        ,
        0.        ,  0.        ,  0.        ,  0.        ,  0.        ,
        0.        ,  0.        ,  0.        ,  0.        ,  0.        ,
        0.        ,  0.        ,  0.        ,  0.        ,  0.        ,
        0.        ,  0.        ,  0.        ,  0.        ,  0.        ,
        0.        ,  0.        ,  0.        ,  0.        ,  0.        ,
        0.        ,  0.        ,  0.        ,  0.        ,  0.        ,
        0.        ,  0.        ])
21:43:20 | INFO     | np.sum(w_aug) = np.float64(192.0)
21:43:20 | INFO     | np.sum(self.kernelWeights) = np.float64(0.9999999999999996)
21:43:20 | INFO     | phi = array([0.        , 0.01169471, 0.00858006, 0.        , 0.        ,
       0.        , 0.        , 0.        , 0.        , 0.        ,
       0.        , 0.        , 0.        , 0.        , 0.        ,
       0.        , 0.        , 0.        , 0.        , 0.        ,
       0.        , 0.        , 0.        , 0.        , 0.        ,
       0.        , 0.        , 0.        , 0.        , 0.        ,
       0.        , 0.        , 0.        , 0.        , 0.        ,
       0.        , 0.        , 0.        , 0.        , 0.        ,
       0.        , 0.        , 0.        , 0.        , 0.        ,
       0.        , 0.        , 0.        , 0.        , 0.        ,
       0.        , 0.        , 0.        , 0.        , 0.        ,
       0.        , 0.        , 0.        , 0.        , 0.        ,
       0.        , 0.        , 0.        , 0.        , 0.        ,
       0.03714775, 0.        , 0.        , 0.        , 0.        ,
       0.00635601, 0.        , 0.        , 0.        , 0.        ,
       0.        , 0.        , 0.        , 0.        , 0.        ,
       0.00279162, 0.        , 0.        , 0.        , 0.        ,
       0.00150499, 0.        , 0.        , 0.        , 0.        ,
       0.        , 0.        , 0.        , 0.        , 0.        ,
       0.        , 0.        , 0.        , 0.        , 0.        ,
       0.        , 0.00180265, 0.        , 0.        , 0.        ,
       0.        , 0.        , 0.        , 0.        , 0.        ,
       0.        , 0.        , 0.        , 0.        , 0.        ,
       0.        , 0.        , 0.        , 0.        , 0.        ,
       0.        , 0.        , 0.        , 0.        , 0.        ,
       0.        , 0.        , 0.00065107, 0.        , 0.        ,
       0.        , 0.        , 0.        , 0.        , 0.        ,
       0.        , 0.00158815, 0.        , 0.        , 0.        ,
       0.        , 0.        , 0.        , 0.        , 0.        ,
       0.        , 0.        , 0.        , 0.        , 0.        ,
       0.00169591, 0.        , 0.        , 0.        , 0.        ,
       0.        , 0.        , 0.        , 0.        , 0.        ,
       0.        , 0.        , 0.        , 0.        , 0.        ,
       0.        , 0.        , 0.        , 0.        , 0.        ,
       0.        , 0.        , 0.        , 0.        , 0.        ,
       0.        , 0.        , 0.        , 0.        , 0.        ,
       0.        , 0.        , 0.        , 0.        , 0.        ,
       0.        , 0.        , 0.        , 0.        , 0.        ,
       0.        , 0.        ])
21:43:20 | INFO     | num_full_subsets = 0
21:43:20 | INFO     | remaining_weight_vector = array([0.1720551 , 0.08648033, 0.0579586 , 0.04370017, 0.03514709,
       0.02944671, 0.02537647, 0.02232508, 0.01995296, 0.01805633,
       0.01650554, 0.01521413, 0.01412227, 0.01318721, 0.0123776 ,
       0.01166993, 0.01104623, 0.0104925 , 0.00999773, 0.00955306,
       0.00915136, 0.00878677, 0.00845447, 0.00815043, 0.00787126,
       0.00761412, 0.00737655, 0.00715647, 0.00695209, 0.00676184,
       0.00658436, 0.00641846, 0.00626311, 0.00611737, 0.00598044,
       0.00585159, 0.00573017, 0.00561561, 0.00550738, 0.00540502,
       0.00530811, 0.00521627, 0.00512916, 0.00504646, 0.00496788,
       0.00489317, 0.00482209, 0.00475442, 0.00468996, 0.00462852,
       0.00456995, 0.00451408, 0.00446077, 0.00440989, 0.00436132,
       0.00431493, 0.00427063, 0.00422832, 0.00418791, 0.00414931,
       0.00411244, 0.00407724, 0.00404362, 0.00401154, 0.00398092,
       0.00395172, 0.00392388, 0.00389736, 0.0038721 , 0.00384807,
       0.00382523, 0.00380353, 0.00378295, 0.00376346, 0.00374502,
       0.0037276 , 0.00371118, 0.00369574, 0.00368125, 0.00366769,
       0.00365505, 0.0036433 , 0.00363242, 0.00362241, 0.00361325,
       0.00360493, 0.00359743, 0.00359075, 0.00358487, 0.0035798 ,
       0.00357551, 0.00357201, 0.0035693 , 0.00356736, 0.0035662 ,
       0.00356581])
21:43:20 | INFO     | num_paired_subset_sizes = 95
21:43:20 | INFO     | weight_left = np.float64(1.0)
21:44:25 | INFO     | np.sum(w_aug) = np.float64(192.0)
21:44:25 | INFO     | np.sum(self.kernelWeights) = np.float64(0.9999999999999999)
21:44:25 | INFO     | phi = array([ 0.        ,  0.        , -0.06700785,  0.        ,  0.        ,
        0.        ,  0.        ,  0.        ,  0.        ,  0.        ,
        0.        ,  0.        ,  0.        ,  0.        ,  0.        ,
        0.        ,  0.        ,  0.        ,  0.        ,  0.        ,
        0.        ,  0.        ,  0.        ,  0.        ,  0.        ,
        0.        ,  0.        ,  0.        ,  0.        ,  0.        ,
        0.        ,  0.        ,  0.        ,  0.        ,  0.        ,
        0.        ,  0.        ,  0.        ,  0.        ,  0.        ,
        0.        ,  0.        ,  0.        ,  0.        ,  0.        ,
        0.        ,  0.        ,  0.        ,  0.        ,  0.        ,
        0.        ,  0.        ,  0.        ,  0.        ,  0.        ,
        0.        ,  0.        ,  0.        ,  0.        ,  0.        ,
        0.        ,  0.        ,  0.        ,  0.        ,  0.        ,
        0.        ,  0.        ,  0.        ,  0.        ,  0.        ,
        0.02901755,  0.        ,  0.        ,  0.        ,  0.        ,
        0.        ,  0.        ,  0.        ,  0.        , -0.01227653,
        0.        ,  0.        ,  0.        ,  0.        ,  0.        ,
        0.        ,  0.        ,  0.        ,  0.        ,  0.        ,
        0.        ,  0.        ,  0.        ,  0.        ,  0.        ,
        0.        ,  0.        ,  0.        ,  0.        ,  0.        ,
        0.        ,  0.        ,  0.        ,  0.        ,  0.01852166,
        0.        ,  0.        ,  0.        ,  0.        ,  0.        ,
        0.        ,  0.        ,  0.        ,  0.        ,  0.        ,
        0.        ,  0.        ,  0.        ,  0.        ,  0.        ,
        0.        ,  0.01363875,  0.        ,  0.        ,  0.        ,
        0.        ,  0.        ,  0.        ,  0.        , -0.02307617,
        0.        ,  0.        ,  0.        ,  0.        ,  0.        ,
        0.        ,  0.        ,  0.        ,  0.        ,  0.        ,
        0.        ,  0.        , -0.02989398,  0.        ,  0.        ,
        0.00764146,  0.        ,  0.        ,  0.        ,  0.        ,
        0.        ,  0.        ,  0.        ,  0.        ,  0.        ,
        0.        ,  0.        ,  0.        ,  0.        ,  0.01563095,
       -0.00712346,  0.        ,  0.        ,  0.        ,  0.        ,
        0.        ,  0.        ,  0.        ,  0.        ,  0.        ,
        0.        ,  0.        ,  0.        ,  0.        ,  0.        ,
        0.        ,  0.        ,  0.        ,  0.        ,  0.        ,
        0.        ,  0.        ,  0.        ,  0.        ,  0.        ,
        0.        ,  0.        ,  0.        ,  0.        ,  0.        ,
        0.        ,  0.        ])
21:44:25 | INFO     | np.sum(w_aug) = np.float64(192.0)
21:44:25 | INFO     | np.sum(self.kernelWeights) = np.float64(0.9999999999999999)
21:44:25 | INFO     | phi = array([ 0.        ,  0.        ,  0.06700783,  0.        ,  0.        ,
        0.        ,  0.        ,  0.        ,  0.        ,  0.        ,
        0.        ,  0.        ,  0.        ,  0.        ,  0.        ,
        0.        ,  0.        ,  0.        ,  0.        ,  0.        ,
        0.        ,  0.        ,  0.        ,  0.        ,  0.        ,
        0.        ,  0.        ,  0.        ,  0.        ,  0.        ,
        0.        ,  0.        ,  0.        ,  0.        ,  0.        ,
        0.        ,  0.        ,  0.        ,  0.        ,  0.        ,
        0.        ,  0.        ,  0.        ,  0.        ,  0.        ,
        0.        ,  0.        ,  0.        ,  0.        ,  0.        ,
        0.        ,  0.        ,  0.        ,  0.        ,  0.        ,
        0.        ,  0.        ,  0.        ,  0.        ,  0.        ,
        0.        ,  0.        ,  0.        ,  0.        ,  0.        ,
        0.        ,  0.        ,  0.        ,  0.        ,  0.        ,
       -0.02901756,  0.        ,  0.        ,  0.        ,  0.        ,
        0.        ,  0.        ,  0.        ,  0.        ,  0.01227653,
        0.        ,  0.        ,  0.        ,  0.        ,  0.        ,
        0.        ,  0.        ,  0.        ,  0.        ,  0.        ,
        0.        ,  0.        ,  0.        ,  0.        ,  0.        ,
        0.        ,  0.        ,  0.        ,  0.        ,  0.        ,
        0.        ,  0.        ,  0.        ,  0.        , -0.01852164,
        0.        ,  0.        ,  0.        ,  0.        ,  0.        ,
        0.        ,  0.        ,  0.        ,  0.        ,  0.        ,
        0.        ,  0.        ,  0.        ,  0.        ,  0.        ,
        0.        , -0.01363876,  0.        ,  0.        ,  0.        ,
        0.        ,  0.        ,  0.        ,  0.        ,  0.02307617,
        0.        ,  0.        ,  0.        ,  0.        ,  0.        ,
        0.        ,  0.        ,  0.        ,  0.        ,  0.        ,
        0.        ,  0.        ,  0.02989399,  0.        ,  0.        ,
       -0.00764146,  0.        ,  0.        ,  0.        ,  0.        ,
        0.        ,  0.        ,  0.        ,  0.        ,  0.        ,
        0.        ,  0.        ,  0.        ,  0.        , -0.01563095,
        0.00712344,  0.        ,  0.        ,  0.        ,  0.        ,
        0.        ,  0.        ,  0.        ,  0.        ,  0.        ,
        0.        ,  0.        ,  0.        ,  0.        ,  0.        ,
        0.        ,  0.        ,  0.        ,  0.        ,  0.        ,
        0.        ,  0.        ,  0.        ,  0.        ,  0.        ,
        0.        ,  0.        ,  0.        ,  0.        ,  0.        ,
        0.        ,  0.        ])
21:44:25 | INFO     | num_full_subsets = 0
21:44:25 | INFO     | remaining_weight_vector = array([0.1720551 , 0.08648033, 0.0579586 , 0.04370017, 0.03514709,
       0.02944671, 0.02537647, 0.02232508, 0.01995296, 0.01805633,
       0.01650554, 0.01521413, 0.01412227, 0.01318721, 0.0123776 ,
       0.01166993, 0.01104623, 0.0104925 , 0.00999773, 0.00955306,
       0.00915136, 0.00878677, 0.00845447, 0.00815043, 0.00787126,
       0.00761412, 0.00737655, 0.00715647, 0.00695209, 0.00676184,
       0.00658436, 0.00641846, 0.00626311, 0.00611737, 0.00598044,
       0.00585159, 0.00573017, 0.00561561, 0.00550738, 0.00540502,
       0.00530811, 0.00521627, 0.00512916, 0.00504646, 0.00496788,
       0.00489317, 0.00482209, 0.00475442, 0.00468996, 0.00462852,
       0.00456995, 0.00451408, 0.00446077, 0.00440989, 0.00436132,
       0.00431493, 0.00427063, 0.00422832, 0.00418791, 0.00414931,
       0.00411244, 0.00407724, 0.00404362, 0.00401154, 0.00398092,
       0.00395172, 0.00392388, 0.00389736, 0.0038721 , 0.00384807,
       0.00382523, 0.00380353, 0.00378295, 0.00376346, 0.00374502,
       0.0037276 , 0.00371118, 0.00369574, 0.00368125, 0.00366769,
       0.00365505, 0.0036433 , 0.00363242, 0.00362241, 0.00361325,
       0.00360493, 0.00359743, 0.00359075, 0.00358487, 0.0035798 ,
       0.00357551, 0.00357201, 0.0035693 , 0.00356736, 0.0035662 ,
       0.00356581])
21:44:25 | INFO     | num_paired_subset_sizes = 95
21:44:25 | INFO     | weight_left = np.float64(1.0)
21:45:28 | INFO     | np.sum(w_aug) = np.float64(192.0)
21:45:28 | INFO     | np.sum(self.kernelWeights) = np.float64(0.9999999999999997)
21:45:28 | INFO     | phi = array([ 0.        ,  0.        ,  0.        ,  0.0131238 ,  0.        ,
        0.        ,  0.        ,  0.        ,  0.        ,  0.        ,
        0.        ,  0.        ,  0.        ,  0.        ,  0.        ,
        0.        ,  0.        ,  0.        ,  0.        ,  0.        ,
        0.        ,  0.        ,  0.        ,  0.        ,  0.        ,
        0.        ,  0.        ,  0.        ,  0.        ,  0.        ,
        0.        ,  0.        ,  0.        ,  0.        ,  0.        ,
        0.        ,  0.        ,  0.        ,  0.        ,  0.        ,
        0.        , -0.01229316,  0.        ,  0.        ,  0.        ,
        0.        ,  0.        ,  0.        ,  0.        ,  0.        ,
        0.        ,  0.        ,  0.        , -0.03481056,  0.        ,
        0.        ,  0.        ,  0.        ,  0.        ,  0.        ,
        0.        ,  0.        ,  0.        ,  0.        ,  0.        ,
        0.        ,  0.        ,  0.        ,  0.01932525,  0.        ,
        0.00769092,  0.        ,  0.00448146,  0.        ,  0.        ,
        0.        ,  0.        ,  0.        ,  0.        ,  0.        ,
        0.        ,  0.        ,  0.        ,  0.        ,  0.        ,
        0.        ,  0.        ,  0.        ,  0.        ,  0.        ,
        0.        ,  0.        ,  0.        ,  0.01259397,  0.        ,
        0.        ,  0.        ,  0.        ,  0.        , -0.02015797,
        0.        ,  0.        ,  0.        ,  0.        ,  0.        ,
        0.        ,  0.        ,  0.        ,  0.        ,  0.        ,
        0.0062122 ,  0.        ,  0.        ,  0.        ,  0.        ,
        0.        ,  0.        ,  0.        ,  0.        ,  0.        ,
        0.        ,  0.        ,  0.        ,  0.        ,  0.        ,
        0.        ,  0.        ,  0.        ,  0.        ,  0.        ,
        0.        ,  0.        ,  0.        ,  0.        ,  0.        ,
        0.        ,  0.        ,  0.        ,  0.        ,  0.        ,
        0.        ,  0.        ,  0.        ,  0.        ,  0.        ,
        0.        ,  0.        ,  0.        ,  0.        ,  0.        ,
        0.        ,  0.        ,  0.        ,  0.        ,  0.        ,
        0.        ,  0.        ,  0.        ,  0.        ,  0.        ,
        0.        ,  0.        ,  0.        ,  0.        ,  0.        ,
        0.        ,  0.        ,  0.        ,  0.        ,  0.01305352,
        0.        ,  0.        ,  0.        ,  0.        ,  0.        ,
        0.        ,  0.        ,  0.        ,  0.        ,  0.        ,
        0.        ,  0.        ,  0.        ,  0.        ,  0.        ,
        0.        ,  0.        ,  0.        ,  0.        ,  0.        ,
        0.        ,  0.        ])
21:45:28 | INFO     | np.sum(w_aug) = np.float64(192.0)
21:45:28 | INFO     | np.sum(self.kernelWeights) = np.float64(0.9999999999999997)
21:45:28 | INFO     | phi = array([ 0.        ,  0.        ,  0.        , -0.01312379,  0.        ,
        0.        ,  0.        ,  0.        ,  0.        ,  0.        ,
        0.        ,  0.        ,  0.        ,  0.        ,  0.        ,
        0.        ,  0.        ,  0.        ,  0.        ,  0.        ,
        0.        ,  0.        ,  0.        ,  0.        ,  0.        ,
        0.        ,  0.        ,  0.        ,  0.        ,  0.        ,
        0.        ,  0.        ,  0.        ,  0.        ,  0.        ,
        0.        ,  0.        ,  0.        ,  0.        ,  0.        ,
        0.        ,  0.01229315,  0.        ,  0.        ,  0.        ,
        0.        ,  0.        ,  0.        ,  0.        ,  0.        ,
        0.        ,  0.        ,  0.        ,  0.03481056,  0.        ,
        0.        ,  0.        ,  0.        ,  0.        ,  0.        ,
        0.        ,  0.        ,  0.        ,  0.        ,  0.        ,
        0.        ,  0.        ,  0.        , -0.01932525,  0.        ,
       -0.00769092,  0.        , -0.00448146,  0.        ,  0.        ,
        0.        ,  0.        ,  0.        ,  0.        ,  0.        ,
        0.        ,  0.        ,  0.        ,  0.        ,  0.        ,
        0.        ,  0.        ,  0.        ,  0.        ,  0.        ,
        0.        ,  0.        ,  0.        , -0.01259399,  0.        ,
        0.        ,  0.        ,  0.        ,  0.        ,  0.02015797,
        0.        ,  0.        ,  0.        ,  0.        ,  0.        ,
        0.        ,  0.        ,  0.        ,  0.        ,  0.        ,
       -0.00621221,  0.        ,  0.        ,  0.        ,  0.        ,
        0.        ,  0.        ,  0.        ,  0.        ,  0.        ,
        0.        ,  0.        ,  0.        ,  0.        ,  0.        ,
        0.        ,  0.        ,  0.        ,  0.        ,  0.        ,
        0.        ,  0.        ,  0.        ,  0.        ,  0.        ,
        0.        ,  0.        ,  0.        ,  0.        ,  0.        ,
        0.        ,  0.        ,  0.        ,  0.        ,  0.        ,
        0.        ,  0.        ,  0.        ,  0.        ,  0.        ,
        0.        ,  0.        ,  0.        ,  0.        ,  0.        ,
        0.        ,  0.        ,  0.        ,  0.        ,  0.        ,
        0.        ,  0.        ,  0.        ,  0.        ,  0.        ,
        0.        ,  0.        ,  0.        ,  0.        , -0.01305352,
        0.        ,  0.        ,  0.        ,  0.        ,  0.        ,
        0.        ,  0.        ,  0.        ,  0.        ,  0.        ,
        0.        ,  0.        ,  0.        ,  0.        ,  0.        ,
        0.        ,  0.        ,  0.        ,  0.        ,  0.        ,
        0.        ,  0.        ])
21:45:28 | INFO     | [SHAP] Generating SHAP plot...
21:45:28 | ERROR    | SHAP failed: operands could not be broadcast together with shapes (50,2,2) (50,) 
21:45:28 | INFO     | ============================================================
21:45:28 | INFO     |  Finished successfully.
21:45:28 | INFO     | ============================================================
